time,ax (m/s^2),ay (m/s^2),az (m/s^2),aT (m/s^2)
0.002224,-0.6137,0.3000,0.8129,1.062
0.005220,-0.0118,0.1369,0.6407,0.655
0.015247,0.4567,0.0552,-0.0491,0.463
0.024889,0.0679,0.0147,-0.0682,0.097
0.036160,-0.1299,0.0020,-0.0689,0.147
0.044982,-0.0674,-0.1061,0.1085,0.166
0.055745,-0.0307,-0.1876,0.2008,0.276
0.065676,-0.1168,-0.1331,0.1818,0.254
0.075097,-0.1355,-0.1741,0.0113,0.221
0.086258,-0.1550,-0.1474,-0.0947,0.234
0.096101,-0.0526,-0.1076,-0.2604,0.287
0.105768,-0.0059,-0.0409,-0.3072,0.310
0.117032,0.1356,-0.0693,-0.2157,0.264
0.125117,0.2754,-0.0832,-0.2691,0.394
0.135862,0.3180,-0.0557,-0.3607,0.484
0.144874,0.3174,-0.0958,-0.5189,0.616
0.156500,0.1510,-0.0677,-0.4050,0.438
0.165136,0.1189,-0.0798,-0.2887,0.322
0.175915,0.0991,-0.1185,-0.0994,0.184
0.184598,0.1054,-0.1565,0.0131,0.189
0.194613,0.0563,-0.1943,-0.0091,0.202
0.205537,-0.0480,-0.2048,0.0495,0.216
0.215599,-0.1928,-0.1477,0.0513,0.248
0.225738,-0.2140,-0.0772,0.0100,0.228
0.235658,-0.2202,-0.0481,-0.0193,0.226
0.244961,-0.2254,-0.0464,-0.0228,0.231
0.255644,-0.1888,-0.0177,-0.1499,0.242
0.266098,-0.1362,0.0242,-0.2378,0.275
0.275626,-0.0797,0.0382,-0.3272,0.339
0.285897,-0.0192,0.0108,-0.3355,0.336
0.297598,-0.0652,-0.0032,-0.3030,0.310
0.306153,-0.0285,0.0236,-0.2297,0.233
0.316851,-0.0056,-0.0451,-0.3199,0.323
0.327350,-0.0512,-0.1816,-0.1904,0.268
0.337620,-0.0571,-0.2496,0.0231,0.257
0.346293,0.0174,-0.4126,0.0345,0.414
0.365814,0.1766,-0.5877,-0.3696,0.716
0.376158,0.9005,-0.9402,-0.4458,1.376
0.384885,0.8969,-0.8698,-0.2629,1.277
0.394614,1.4562,-0.5809,0.8689,1.792
0.405173,0.7531,-0.0192,1.2459,1.456
0.415472,-0.0367,0.1070,1.2654,1.270
0.424512,-0.5398,0.1918,1.0915,1.233
0.435194,-0.8754,0.4116,0.8268,1.273
0.444755,-0.9200,0.6296,0.7944,1.369
0.455675,-0.8788,0.6690,0.8728,1.408
0.466382,-0.9304,0.6935,0.9289,1.486
0.477120,-1.0563,0.7161,1.0030,1.623
0.484661,-0.9139,0.7093,1.0948,1.593
0.494627,-0.6614,0.6858,0.9864,1.371
0.505170,-0.2770,0.4422,0.5593,0.765
0.514798,-0.0615,0.3065,-0.0007,0.313
0.526125,-0.0700,0.1976,-0.5523,0.591
0.536137,0.0460,0.0756,-0.9725,0.976
0.545917,0.1720,-0.0321,-1.3053,1.317
0.555708,0.2241,-0.0818,-1.3856,1.406
0.565136,0.3231,-0.1689,-1.3125,1.362
0.574798,0.4400,-0.2109,-1.2604,1.352
0.585935,0.4774,-0.3163,-1.2551,1.380
0.602430,0.4220,-0.3633,-1.1502,1.278
0.605290,0.3319,-0.3260,-0.9367,1.046
0.614998,0.2232,-0.2739,-0.5527,0.656
0.625837,0.2323,-0.2080,-0.2353,0.391
0.635146,0.2656,-0.1562,-0.0842,0.319
0.646212,0.2427,-0.0781,-0.0345,0.257
0.654692,0.1514,-0.0012,-0.1008,0.182
0.665645,0.0206,0.1017,-0.1737,0.202
0.676451,-0.0941,0.1628,-0.1290,0.228
0.687217,-0.1920,0.2362,-0.1049,0.322
0.696185,-0.1506,0.2129,-0.0087,0.261
0.705790,-0.1885,0.1475,0.0628,0.247
0.715626,-0.1434,0.0673,0.1779,0.238
0.731656,-0.0414,0.0952,0.1351,0.170
0.735755,0.3903,-0.1498,-0.2637,0.494
0.752306,0.1298,-0.0681,-0.1441,0.206
0.755363,-0.1145,-0.0411,-0.2000,0.234
0.765211,-0.1384,0.1355,-0.0370,0.197
0.775813,-0.1465,0.1076,0.2487,0.308
0.784910,-0.1125,0.0251,0.3300,0.350
0.796558,-0.0517,-0.0302,0.4380,0.442
0.805170,-0.0736,-0.0037,0.4905,0.496
0.815379,-0.2322,0.1724,0.6220,0.686
0.825867,-0.1870,0.1983,0.6129,0.671
0.835718,-0.2239,0.2239,0.5574,0.641
0.845200,-0.1927,0.1944,0.4425,0.520
0.856250,-0.0385,0.1236,0.2143,0.250
0.865394,0.1025,-0.0155,0.0259,0.107
0.875821,0.1347,-0.0865,-0.1078,0.193
0.885877,0.0579,-0.0893,-0.1580,0.190
0.895084,-0.0600,-0.1192,-0.1100,0.173
0.904862,-0.0827,-0.0943,-0.0186,0.127
0.915154,-0.1597,-0.0556,0.0340,0.172
0.924828,-0.1273,-0.0985,0.1023,0.191
0.936600,-0.0816,-0.1275,0.1326,0.201
0.946948,-0.0637,-0.0742,0.2073,0.229
0.956992,-0.0331,-0.0342,0.2715,0.276
0.966066,-0.0578,0.0470,0.2559,0.266
0.975487,-0.0967,0.0738,0.2132,0.245
0.985847,-0.0813,0.1005,0.2243,0.259
0.996264,-0.0793,0.1135,0.1939,0.238
1.005687,-0.0499,0.0584,0.2453,0.257
1.015015,0.0071,0.0303,0.2671,0.269
1.029150,0.0232,-0.0119,0.2438,0.245
1.040507,-0.0016,-0.0275,0.2433,0.245
1.046423,-0.0402,-0.0433,0.2534,0.260
1.056208,-0.0516,0.0088,0.1674,0.175
1.066974,0.0187,0.0474,0.0962,0.109
1.076165,0.0209,0.0454,-0.0139,0.052
1.086204,0.0230,0.0300,-0.0809,0.089
1.095451,0.0386,0.0148,-0.1053,0.113
1.105764,0.0537,-0.0002,-0.0469,0.071
1.119618,0.0410,-0.0421,0.0132,0.060
1.128695,0.0411,-0.0837,0.0210,0.096
1.137779,0.0541,-0.0977,-0.0368,0.118
1.147428,-0.0287,-0.1113,-0.0786,0.139
1.156998,-0.0841,-0.0565,-0.0909,0.136
1.167266,-0.1121,-0.0424,-0.1011,0.157
1.176795,-0.0855,-0.0553,-0.1775,0.205
1.195065,-0.0862,0.0012,-0.2033,0.221
1.204799,-0.0862,0.0158,-0.2085,0.226
1.219389,-0.0172,0.0168,-0.2270,0.228
1.229573,0.0389,0.0313,-0.2313,0.237
1.236470,0.0818,0.0050,-0.1937,0.210
1.246311,0.1110,0.0061,-0.1823,0.214
1.255883,0.0854,-0.0063,-0.1972,0.215
1.265731,0.0596,0.0223,-0.0894,0.110
1.277060,0.1013,0.0099,-0.0231,0.104
1.284972,0.0885,-0.0162,-0.0121,0.091
1.295546,0.0343,-0.0288,0.0113,0.046
1.305237,-0.0076,-0.0413,-0.0075,0.043
1.315038,-0.0777,-0.0403,0.0134,0.089
1.325327,-0.1210,0.0152,0.1151,0.168
1.334972,-0.0281,0.0024,0.2018,0.204
1.345867,0.0376,-0.0787,0.2451,0.260
1.355287,0.0490,-0.0786,0.2302,0.248
1.365483,0.0200,-0.0516,0.1980,0.206
1.376129,0.0320,-0.0524,0.2170,0.226
1.385168,0.0033,-0.0397,0.2608,0.264
1.395966,0.0019,-0.0409,0.2351,0.239
1.405910,0.0824,-0.0694,0.1681,0.200
1.416302,0.1220,-0.0707,0.1013,0.174
1.428824,0.1616,-0.0583,0.1162,0.207
1.437317,0.0924,-0.0051,0.0633,0.112
1.445937,0.0091,0.0346,0.0384,0.052
1.455878,-0.0610,0.0337,-0.0125,0.071
1.465671,-0.1177,0.0602,-0.0483,0.141
1.476411,-0.1060,0.1004,-0.0149,0.147
1.485163,-0.0666,0.0861,0.0192,0.111
1.495375,-0.0267,0.0447,-0.0002,0.052
1.505147,-0.0136,0.0170,-0.0317,0.038
1.515184,-0.0547,0.0031,-0.0882,0.104
1.525758,-0.0546,-0.0241,-0.0338,0.069
1.535394,-0.0677,0.0032,0.0081,0.068
1.545614,-0.0661,-0.0241,0.0638,0.095
1.555833,-0.0224,-0.0516,0.1057,0.120
1.566007,0.0222,-0.0928,0.0927,0.133
1.577047,0.0530,-0.0660,0.1337,0.158
1.584981,0.0694,-0.0255,0.1338,0.153
1.594937,0.0033,-0.0258,0.1060,0.109
1.604815,-0.0091,-0.0534,0.0635,0.083
1.615079,0.0461,-0.0130,-0.0073,0.048
1.626585,0.0738,0.0275,-0.0783,0.111
1.635814,0.0194,-0.0410,-0.1084,0.117
1.645138,0.0188,-0.0003,-0.1515,0.153
1.655482,0.0717,-0.0003,-0.1802,0.194
1.666082,0.0691,-0.0274,-0.1540,0.171
1.676009,0.0388,-0.0679,-0.0730,0.107
1.685294,0.0897,-0.0130,-0.0319,0.096
1.694854,0.0725,0.0013,-0.0164,0.074
1.704888,0.0146,-0.0114,0.0146,0.024
1.715495,-0.0293,-0.0240,0.0060,0.038
1.725318,-0.0320,0.0043,-0.0291,0.043
1.735311,-0.0207,-0.0356,-0.0098,0.042
1.745221,-0.0092,-0.0484,0.0222,0.054
1.754824,0.0298,-0.0341,-0.0146,0.048
1.766133,-0.0399,-0.0334,-0.0112,0.053
1.776075,-0.0546,-0.0057,0.0599,0.081
1.785080,-0.0416,-0.0054,0.1027,0.111
1.794822,-0.0145,0.0218,0.1162,0.119
1.804547,0.0402,-0.0057,0.1004,0.108
1.814734,0.0408,-0.0470,0.0290,0.069
1.824554,0.0549,-0.0474,-0.0149,0.074
1.834516,0.0144,-0.0614,0.0232,0.067
1.844767,-0.0806,0.0063,0.0477,0.094
1.854660,-0.0666,-0.0078,0.0583,0.089
1.864699,-0.0661,-0.0082,0.0146,0.068
1.875055,-0.0788,0.0050,0.0118,0.080
1.885146,-0.1047,0.0045,-0.0045,0.105
1.894955,-0.0621,-0.0096,-0.0205,0.066
1.905167,-0.0737,-0.0510,-0.0770,0.118
1.919005,-0.0307,-0.0514,-0.0785,0.099
1.927031,0.0397,-0.0110,-0.0796,0.090
1.935475,0.0555,0.0160,-0.0658,0.088
1.945447,0.0168,0.0023,-0.0510,0.054
1.957303,-0.0353,0.0431,-0.0081,0.056
1.968288,-0.0059,0.0567,-0.0057,0.057
1.976620,0.0370,0.0432,-0.0300,0.064
1.987039,0.0115,0.0025,-0.0135,0.018
1.996273,-0.0141,-0.0110,-0.0649,0.067
2.006447,-0.0129,-0.0380,-0.0616,0.073
2.017000,-0.0123,-0.0512,-0.0447,0.069
2.037237,0.0275,-0.0504,-0.0118,0.059
2.047758,0.0670,-0.0908,0.0313,0.117
2.055022,0.0249,-0.0768,0.0878,0.119
2.064914,0.0645,-0.0493,0.1302,0.153
2.075652,0.0356,-0.0353,0.0900,0.103
2.085748,0.0338,-0.0215,0.0490,0.063
2.095226,0.0048,-0.0078,0.0208,0.023
2.104886,-0.0378,-0.0077,-0.0078,0.039
2.114939,-0.0257,0.0059,-0.0230,0.035
2.126296,-0.0135,0.0059,-0.0382,0.041
2.136729,0.0397,0.0058,-0.0805,0.090
2.145846,-0.0159,0.0195,-0.1088,0.112
2.156089,0.0103,0.0195,-0.1230,0.125
2.165679,0.0229,0.0060,-0.1371,0.139
2.176052,0.0494,-0.0075,-0.1643,0.172
2.185843,0.0759,-0.0617,-0.2306,0.250
2.194932,0.0480,-0.0611,-0.1851,0.201
2.205262,0.0337,-0.0192,-0.0823,0.091
2.216922,0.0195,-0.0182,0.0077,0.028
2.225336,0.0323,0.0101,0.0562,0.066
2.236586,-0.0096,0.0246,0.1442,0.147
2.246950,-0.0924,0.0389,0.1900,0.215
2.254944,-0.1339,0.0258,0.2211,0.260
2.266516,-0.1614,-0.0146,0.2109,0.266
2.279826,-0.1340,-0.0145,0.2530,0.287
2.285313,-0.0928,-0.0284,0.2099,0.231
2.295042,-0.0925,-0.0428,0.1084,0.149
2.304756,-0.0371,-0.0712,0.0722,0.108
2.315317,0.0195,-0.0726,0.0077,0.076
2.325282,0.0768,-0.0470,0.0653,0.111
2.335644,0.0527,-0.0214,0.0957,0.111
2.346344,0.0151,0.0042,0.1127,0.114
2.356413,-0.0225,0.0162,0.0761,0.081
2.366217,-0.0602,0.0421,0.0678,0.100
2.376124,-0.0711,0.0545,-0.0211,0.092
2.386770,-0.0146,0.0398,-0.0818,0.092
2.396162,0.0278,0.0117,-0.1279,0.131
2.404813,0.0290,-0.0161,-0.1447,0.148
2.414921,0.0574,-0.0435,-0.1314,0.150
2.425819,0.0853,-0.0569,-0.1155,0.154
2.435412,0.0714,-0.0564,-0.1390,0.166
2.446149,0.0702,-0.0556,-0.1883,0.209
2.454990,0.0550,-0.0683,-0.1547,0.178
2.464858,0.0803,-0.0671,-0.1470,0.180
2.477858,0.0644,-0.0112,-0.1518,0.165
2.486383,0.0208,-0.0097,-0.1284,0.130
2.496269,0.0312,0.0056,-0.1455,0.149
2.504824,-0.0402,-0.0064,-0.1081,0.116
2.519835,-0.0568,0.0223,-0.0442,0.075
2.531186,-0.0185,-0.0036,0.0186,0.027
2.535663,0.0064,-0.0297,0.0666,0.073
2.545135,0.0179,-0.0424,0.1273,0.135
2.554970,0.0161,-0.0279,0.1055,0.110
2.564779,0.0009,-0.0272,0.1093,0.113
2.575867,-0.0276,-0.0269,0.1108,0.117
2.586107,-0.0963,-0.0134,0.1505,0.179
2.596222,-0.1096,-0.0139,0.2009,0.229
2.604818,-0.0269,-0.0420,0.2081,0.214
2.615060,-0.0525,-0.0295,0.1726,0.183
2.624835,-0.0777,-0.0037,0.1630,0.181
2.635516,-0.0889,0.0084,0.1255,0.154
2.645251,-0.0591,0.0205,0.0745,0.097
2.654841,-0.0290,0.0190,0.0378,0.051
2.665504,0.0554,0.0176,0.0700,0.091
2.676729,0.1257,-0.0245,0.0213,0.130
2.685643,0.1411,-0.0255,-0.0400,0.149
2.695243,0.1017,-0.0673,-0.1139,0.167
2.705206,0.0620,-0.0408,-0.1054,0.129
2.719966,0.0079,-0.0142,-0.1096,0.111
2.729596,-0.0197,-0.0008,-0.1529,0.154
2.735737,-0.0480,-0.0006,-0.1932,0.199
2.745870,-0.1036,0.0273,-0.2030,0.230
2.755524,-0.1048,0.0555,-0.1827,0.218
2.766045,-0.0784,0.0566,-0.1606,0.187
2.776580,-0.0111,0.0171,-0.1375,0.139
2.787813,0.0427,-0.0497,-0.1001,0.120
2.796074,0.1102,-0.0620,-0.0491,0.136
2.806384,0.0960,-0.0472,-0.0530,0.119
2.817681,0.0412,-0.0597,0.0100,0.073
2.826654,0.0275,-0.0452,0.0310,0.061
2.836749,-0.0268,-0.0173,0.0374,0.049
2.856399,-0.0259,-0.0162,0.0884,0.094
2.865785,-0.0256,0.0114,0.1323,0.135
2.876322,-0.0530,0.0114,0.1459,0.156
2.885669,-0.1077,-0.0026,0.1429,0.179
2.895352,-0.0808,-0.0168,0.1918,0.209
2.904859,0.0007,-0.0177,0.2251,0.226
2.915197,0.0550,-0.0323,0.2296,0.238
2.927113,0.1228,-0.0608,0.2056,0.247
2.936872,0.1362,-0.1165,0.1674,0.245
2.946060,0.1359,-0.1178,0.0885,0.200
2.954699,0.0538,-0.0917,-0.0031,0.106
2.965341,-0.0149,-0.0518,-0.0933,0.108
2.976541,-0.0974,-0.0390,-0.1684,0.198
2.984965,-0.0573,0.0149,-0.2559,0.263
2.995538,-0.0717,0.0143,-0.2744,0.284
3.004858,-0.0725,0.0550,-0.2361,0.253
3.014904,-0.0054,0.0553,-0.2211,0.228
3.032848,0.0480,0.0289,-0.2424,0.249
3.035631,0.0469,-0.0378,-0.2729,0.279
3.045862,0.0051,-0.0223,-0.2998,0.301
3.056221,-0.0093,-0.0066,-0.2562,0.257
3.067554,-0.0098,-0.0181,-0.1709,0.172
3.077022,-0.0100,-0.0297,-0.1131,0.117
3.084921,-0.0233,-0.0006,-0.0970,0.100
3.095965,-0.0225,0.0554,-0.0145,0.062
3.105494,-0.0215,0.0976,0.0658,0.120
3.116183,-0.0884,0.0850,0.1034,0.160
3.128878,-0.1278,0.0994,0.1808,0.243
3.135360,-0.1124,0.1136,0.2830,0.325
3.144971,-0.1100,0.1136,0.3266,0.363
3.156040,-0.0256,0.0313,0.3376,0.340
3.165288,0.0043,-0.0245,0.2887,0.290
3.176544,0.0341,-0.0398,0.2762,0.281
3.184945,0.0772,-0.0690,0.2746,0.294
3.194987,0.0655,-0.1393,0.2848,0.324
3.206244,0.1352,-0.1281,0.2664,0.325
3.215799,0.1910,-0.0759,0.1660,0.264
3.228262,0.1781,-0.1054,0.0396,0.211
3.234919,0.0690,-0.0528,0.0101,0.087
3.245320,-0.0279,0.0001,0.0233,0.036
3.257759,-0.0445,0.0126,0.0111,0.048
3.266291,-0.0078,-0.0291,0.0823,0.088
3.277268,0.0145,0.0112,0.1275,0.129
3.286615,0.0093,-0.0028,0.1057,0.106
3.294845,-0.0227,-0.0168,0.0850,0.090
3.305270,-0.0266,-0.0034,0.0248,0.037
3.316175,-0.0027,-0.0444,-0.0743,0.087
3.324601,0.0083,-0.0170,-0.1302,0.132
3.334733,0.0743,-0.0166,-0.2244,0.237
3.344934,0.0861,-0.0295,-0.2620,0.277
3.356787,0.0302,-0.0015,-0.2709,0.273
3.366442,0.0021,0.0130,-0.2511,0.251
3.375138,-0.0665,0.0140,-0.2438,0.253
3.384845,-0.0938,0.0151,-0.1943,0.216
3.395499,-0.1071,0.0436,-0.1569,0.195
3.405278,-0.1197,0.0313,-0.0913,0.154
3.416337,-0.1317,0.0189,-0.0388,0.139
3.430553,-0.1022,0.0473,0.0135,0.113
3.441283,-0.0450,0.0210,0.0783,0.093
3.446096,-0.0011,0.0080,0.0872,0.088
3.455415,0.0430,-0.0323,0.0946,0.109
3.465650,0.0734,-0.0728,0.0738,0.127
3.478152,0.0899,-0.0862,0.0789,0.147
3.485690,0.0651,-0.0453,0.0407,0.089
3.495176,0.0126,-0.0320,0.0267,0.044
3.505191,-0.0266,-0.0053,0.0238,0.036
3.514958,-0.0798,-0.0196,0.0871,0.120
3.525042,-0.0651,-0.0069,0.1763,0.188
3.537001,-0.0371,0.0058,0.1692,0.173
3.546815,-0.0096,0.0049,0.1618,0.162
3.555511,0.0310,-0.0096,0.1274,0.131
3.565509,0.0302,0.0169,0.1068,0.112
3.576656,-0.0116,0.0162,0.1274,0.129
3.586352,0.0421,0.0018,0.1072,0.115
3.596117,0.0415,0.0420,0.0464,0.075
3.605831,0.0411,0.0140,0.0266,0.051
3.617300,0.0001,-0.0003,-0.0472,0.047
3.625913,-0.0136,-0.0009,-0.0525,0.054
3.636807,0.0136,-0.0152,-0.0708,0.074
3.650563,0.0135,-0.0702,0.0068,0.072
3.657328,0.0269,-0.0570,0.0577,0.085
3.668443,0.0400,-0.0437,0.1091,0.124
3.686137,0.0780,-0.0303,0.1041,0.134
3.695300,0.0889,-0.0711,0.0475,0.123
3.704957,0.0586,-0.0846,-0.0629,0.121
3.714955,0.0283,-0.0570,-0.1723,0.184
3.728594,-0.0290,-0.0293,-0.2531,0.256
3.739697,-0.0722,-0.0015,-0.2643,0.274
3.746025,-0.0876,-0.0008,-0.2197,0.237
3.756157,-0.0891,0.0000,-0.1605,0.184
3.766333,-0.0496,0.0281,-0.1276,0.140
3.775780,0.0039,0.0019,-0.1344,0.134
3.785655,0.0305,0.0030,-0.1532,0.156
3.795663,0.0303,-0.0229,-0.1703,0.174
3.804918,0.0167,-0.0215,-0.1180,0.121
3.814994,-0.0100,-0.0473,-0.0651,0.081
3.826393,0.0047,-0.0324,0.0007,0.033
3.838867,0.0061,-0.0314,0.0513,0.060
3.844936,0.0346,-0.0443,0.0728,0.092
3.855193,-0.0052,-0.0027,0.0658,0.066
3.865831,-0.0317,0.0251,0.0852,0.094
3.877775,-0.0720,0.0800,0.0891,0.140
3.885150,-0.0852,0.0528,0.0767,0.126
3.895662,-0.0711,0.0390,0.0889,0.120
3.904903,-0.0707,0.0385,0.0990,0.128
3.914995,-0.0565,0.0106,0.0804,0.099
3.927713,-0.0557,-0.0311,0.0881,0.109
3.939402,-0.0000,-0.0728,0.0818,0.110
3.946272,0.0560,-0.0602,0.1025,0.131
3.957033,0.0304,-0.0339,0.1367,0.144
3.966405,0.0185,-0.0350,0.1706,0.175
3.975825,0.0745,-0.0089,0.1905,0.205
3.985166,0.0484,-0.0236,0.2232,0.230
3.994882,0.0354,-0.0112,0.2551,0.258
4.004997,0.0358,0.0011,0.2450,0.248
4.014876,0.0087,-0.0003,0.2339,0.234
4.026137,-0.0595,0.0119,0.1544,0.166
4.037120,-0.0737,0.0105,0.0616,0.097
4.048192,-0.0881,-0.0179,-0.0168,0.092
4.057100,0.0063,-0.0054,-0.0804,0.081
4.065659,0.0055,-0.0472,-0.1292,0.138
4.077087,0.0457,-0.0480,-0.1361,0.151
4.086149,0.0314,-0.0215,-0.1012,0.108
4.094828,0.0446,-0.0628,-0.1325,0.153
4.104865,0.0033,-0.0630,-0.1066,0.124
4.115020,-0.0377,-0.0219,-0.0368,0.057
4.125646,-0.0923,0.0195,-0.0057,0.095
4.136227,-0.0784,-0.0070,-0.0952,0.124
4.145782,-0.0505,-0.0061,-0.0880,0.102
4.156964,0.0184,0.0220,-0.0804,0.085
4.166301,0.0463,0.0502,-0.1271,0.144
4.175918,0.0467,0.0103,-0.1466,0.154
4.184943,0.0471,-0.0161,-0.1257,0.135
4.197023,0.0475,-0.0425,-0.1054,0.123
4.204878,0.0749,-0.0553,-0.0855,0.126
4.214986,0.0340,-0.1091,-0.0797,0.139
4.226211,0.0335,-0.1083,-0.0743,0.136
4.236728,-0.0353,-0.0939,-0.0282,0.104
4.249136,-0.0227,-0.0523,0.0313,0.065
4.256439,-0.0105,-0.0244,0.0767,0.081
4.266669,0.0013,-0.0100,0.0670,0.068
4.277403,-0.0277,0.0179,0.0705,0.078
4.286125,-0.0020,0.0457,0.0192,0.050
4.294988,-0.0033,0.0462,-0.0464,0.066
4.305494,-0.0180,0.0192,-0.0449,0.052
4.317260,-0.0190,0.0058,-0.0034,0.020
4.325089,-0.0605,0.0331,0.0235,0.073
4.337008,-0.0468,0.0057,0.0496,0.068
4.347660,-0.0731,0.0053,0.1019,0.126
4.356100,-0.0579,0.0047,0.1397,0.151
4.366182,-0.0286,-0.0096,0.2308,0.233
4.377206,0.0008,-0.0105,0.2393,0.240
4.386954,-0.0243,-0.0252,0.2197,0.222
4.396376,0.0185,-0.0535,0.1858,0.194
4.405880,0.0474,-0.0410,0.1241,0.139
4.416996,0.0623,-0.0830,0.0890,0.137
4.426479,0.0361,-0.0434,0.0668,0.087
4.436987,0.0234,-0.0582,0.0037,0.063
4.451136,-0.0169,-0.0729,-0.0587,0.095
4.457295,0.0105,-0.0466,-0.0520,0.071
4.467840,-0.0035,0.0071,-0.0851,0.085
4.476991,-0.0315,-0.0070,-0.1307,0.135
4.495350,-0.0199,0.0059,-0.1513,0.153
4.505092,-0.0207,0.0061,-0.1509,0.152
4.514941,-0.0078,0.0612,-0.1469,0.159
4.525773,-0.0355,0.0349,-0.1672,0.174
4.534771,-0.0357,0.0225,-0.1581,0.164
4.546024,-0.0358,0.0102,-0.1478,0.152
4.558197,0.0052,-0.0565,-0.1102,0.124
4.565166,0.0329,-0.0553,-0.1001,0.119
4.576550,0.0608,-0.0814,-0.1311,0.166
4.585200,0.0477,-0.0802,-0.0944,0.133
4.595059,0.0752,-0.0247,-0.0583,0.098
4.605146,0.0619,0.0444,-0.0231,0.080
4.614974,0.0211,0.0588,-0.0162,0.065
4.625724,-0.0064,0.0596,0.0307,0.067
4.634798,-0.0343,0.0739,0.0632,0.103
4.646307,-0.0487,0.0473,0.0541,0.087
4.658917,-0.0766,-0.0203,0.1255,0.148
4.666003,-0.0365,-0.0337,0.1673,0.175
4.676231,0.0038,-0.0475,0.2062,0.212
4.685764,0.0440,-0.0615,0.1883,0.203
4.696294,0.0297,-0.0623,0.2223,0.233
4.705602,0.0155,-0.0360,0.1864,0.190
4.716683,0.0014,-0.0099,0.1630,0.163
4.724918,0.0010,-0.0248,0.1255,0.128
4.736969,0.0144,-0.0125,0.1150,0.117
4.749300,0.0142,0.0135,0.0640,0.067
4.755869,0.0005,0.0259,0.0814,0.085
4.765875,-0.0132,-0.0298,0.0855,0.092
4.775931,0.0001,-0.0309,0.0901,0.095
4.785925,0.0269,-0.0184,0.0411,0.052
4.795969,-0.0143,-0.0192,0.0067,0.025
4.804800,-0.0147,-0.0064,-0.0540,0.056
4.815099,-0.0422,-0.0207,-0.1004,0.111
4.825651,-0.0287,-0.0213,-0.1455,0.150
4.834810,0.0121,-0.0215,-0.1611,0.163
4.846342,0.0258,-0.0214,-0.2008,0.204
4.856718,0.0394,-0.0208,-0.1693,0.175
4.865910,0.0122,-0.0200,-0.1090,0.111
4.876504,0.0667,-0.0192,-0.0751,0.102
4.886041,0.0393,0.0227,-0.0950,0.105
4.895874,-0.0017,0.0238,-0.1141,0.117
4.905164,-0.0972,0.0385,-0.1054,0.148
4.915068,-0.0971,0.0124,-0.0423,0.107
4.925474,-0.0698,-0.0138,-0.0478,0.086
4.934879,0.0121,-0.0265,-0.0268,0.040
4.944736,0.0531,-0.0666,-0.0203,0.088
4.957405,0.0532,-0.0659,-0.0010,0.085
4.966028,-0.0013,-0.0244,0.0178,0.030
4.975957,-0.0148,-0.0102,0.0355,0.040
4.986021,-0.0419,0.0037,0.0653,0.078
4.995096,-0.0279,0.0174,0.1207,0.125
5.004786,-0.0001,0.0308,0.1468,0.150
5.014909,0.0276,0.0303,0.1438,0.150
5.026258,0.0553,0.0161,0.0987,0.114
5.034902,0.0692,0.0155,0.0261,0.076
5.048665,0.0830,0.0150,0.0217,0.087
5.055649,0.0010,0.0144,0.0309,0.034
5.066013,-0.0404,0.0412,0.0129,0.059
5.075306,-0.0274,-0.0001,-0.0184,0.033
5.085803,-0.0414,-0.0005,-0.0085,0.042
5.095630,-0.0824,-0.0282,0.0288,0.092
5.105866,-0.0823,-0.0423,0.1071,0.142
5.115022,-0.0550,-0.0563,0.1038,0.130
5.128418,-0.0140,-0.0568,0.1006,0.116
5.141687,0.0543,-0.1389,0.0977,0.178
5.145883,0.1361,-0.1393,0.0677,0.206
5.156396,0.1495,-0.1259,0.0379,0.199
5.165787,0.1489,-0.1126,0.0083,0.187
5.176304,0.1479,-0.0854,-0.0753,0.187
5.185601,0.1059,-0.0582,-0.1176,0.169
5.195638,0.0768,-0.0309,-0.1731,0.192
5.205219,0.0057,-0.0034,-0.1603,0.160
5.215734,-0.1068,0.0242,-0.1061,0.153
5.225590,-0.1241,0.0520,-0.0510,0.144
5.235560,-0.1546,0.0663,-0.0082,0.168
5.246105,-0.1435,0.0397,0.0357,0.153
5.256688,-0.0365,-0.0004,-0.0149,0.039
5.266230,-0.0242,-0.0405,-0.1189,0.128
5.279165,-0.0252,-0.0532,-0.1402,0.152
5.287389,-0.0526,-0.0387,-0.2014,0.212
5.296678,0.0031,-0.0379,-0.1938,0.198
5.306496,0.0737,-0.0508,-0.1725,0.194
5.316871,0.0635,-0.0639,-0.1378,0.165
5.336914,0.0558,-0.0493,-0.0566,0.094
5.349175,0.0303,0.0192,0.0308,0.047
5.355871,0.0179,0.0470,0.1175,0.128
5.366553,-0.0220,0.0065,0.2036,0.205
5.377775,-0.0352,0.0342,0.2346,0.240
5.385957,-0.0354,0.0346,0.1968,0.203
5.396513,-0.0091,-0.0060,0.1574,0.158
5.404809,-0.0105,0.0077,0.1154,0.116
5.414904,-0.0121,-0.0471,0.0978,0.109
5.425256,0.0546,-0.0478,0.0912,0.117
5.435016,0.0533,-0.0622,0.0285,0.087
5.446058,0.0522,-0.0632,0.0469,0.094
5.458614,0.0103,-0.0506,0.0785,0.094
5.466301,-0.0451,-0.0108,0.0694,0.083
5.475793,-0.0864,0.0155,0.0476,0.100
5.485858,-0.0864,0.0146,0.0407,0.097
5.494919,-0.0586,0.0138,-0.0193,0.063
5.505071,-0.0441,0.0131,-0.0647,0.079
5.515009,0.0113,-0.0284,-0.0822,0.088
5.525085,0.0393,-0.0424,-0.1253,0.138
5.534846,0.0802,-0.0424,-0.1798,0.201
5.545954,0.0940,-0.0556,-0.2308,0.255
5.560465,0.0396,-0.0549,-0.1980,0.209
5.565934,0.0262,-0.0132,-0.1503,0.153
5.575809,-0.0009,-0.0122,-0.1019,0.103
5.585636,-0.0145,0.0296,0.0010,0.033
5.596990,-0.0553,0.0441,0.0895,0.114
5.605710,-0.0690,0.0720,0.1905,0.215
5.615049,-0.0828,0.0317,0.1812,0.202
5.628902,-0.0284,0.0186,0.1167,0.122
5.641956,-0.0284,0.0054,0.0653,0.071
5.646166,-0.0692,-0.0625,0.0263,0.097
5.655927,-0.0146,-0.0626,0.0534,0.084
5.666041,0.0536,-0.0629,0.0237,0.086
5.675889,0.0130,-0.0771,0.0194,0.081
5.685144,0.0136,-0.0778,0.0683,0.104
5.695483,0.0009,-0.0107,0.0755,0.076
5.705734,-0.0251,0.0020,0.0824,0.086
5.717017,-0.0645,0.0010,0.1033,0.122
5.725318,-0.0631,0.0001,0.0978,0.116
5.737525,-0.0345,0.0130,0.0931,0.100
5.751385,0.0345,-0.0421,0.0619,0.082
5.756460,0.1168,-0.0563,0.0991,0.163
5.765114,0.1309,-0.0704,0.0958,0.177
5.776117,0.0763,-0.0436,0.0789,0.118
5.785963,0.0347,-0.0303,0.0349,0.058
5.796611,-0.0076,-0.0169,-0.0091,0.021
5.804963,-0.0228,-0.0035,-0.0667,0.071
5.814983,-0.0107,-0.0037,-0.1512,0.152
5.825216,0.0150,-0.0037,-0.1805,0.181
5.834787,-0.0140,-0.0174,-0.1958,0.197
5.845971,-0.0429,0.0099,-0.2241,0.228
5.856238,-0.0581,0.0238,-0.1960,0.206
5.865222,-0.0185,0.0381,-0.1380,0.144
5.876619,-0.0195,-0.0018,-0.0907,0.093
5.885230,-0.0066,0.0266,-0.0821,0.087
5.895047,-0.0479,-0.0402,-0.0725,0.096
5.905052,0.0068,-0.0799,0.0322,0.086
5.915144,0.0483,-0.0516,0.0813,0.108
5.925703,0.0219,-0.0236,0.1291,0.133
5.936094,0.0227,-0.0094,0.1893,0.191
5.946362,-0.0037,0.0184,0.1671,0.168
5.958739,-0.0166,0.0323,0.1700,0.174
5.966271,-0.0024,0.0321,0.1557,0.159
5.977088,0.0658,-0.0366,0.1239,0.145
5.985936,0.0385,-0.0647,0.0623,0.098
5.996929,0.0112,-0.0793,-0.0134,0.081
6.005673,0.0108,-0.0392,-0.0613,0.074
6.017158,-0.0444,-0.0127,-0.0813,0.094
6.026118,-0.0859,-0.0270,-0.0459,0.101
6.037641,-0.0863,-0.0275,-0.0778,0.119
6.051540,-0.0593,0.0128,-0.1226,0.137
6.056008,-0.0320,-0.0012,-0.1119,0.116
6.066862,-0.0183,-0.0149,-0.0852,0.088
6.077039,0.0226,-0.0555,-0.0559,0.082
6.087568,0.0501,-0.0141,-0.0380,0.064
6.096175,0.0504,0.0002,-0.0188,0.054
6.106166,0.0645,0.0418,-0.0129,0.078
6.119033,-0.0031,0.0561,-0.0482,0.074
6.126373,-0.0433,0.0430,-0.0567,0.083
6.138209,-0.0289,0.0299,-0.0793,0.090
6.155872,0.0270,-0.0100,-0.0978,0.102
6.165384,0.0138,-0.0641,-0.0395,0.077
6.176259,0.0274,-0.0637,0.0321,0.076
6.185634,0.0132,-0.0360,0.0623,0.073
6.195078,0.0258,-0.0355,0.0921,0.102
6.205158,-0.0162,-0.0215,0.1076,0.111
6.214773,-0.0034,0.0059,0.0678,0.068
6.225768,-0.0312,0.0196,0.0542,0.066
6.235520,-0.0178,0.0195,0.0669,0.072
6.246739,-0.0045,0.0193,0.0515,0.055
6.261284,-0.0320,-0.0082,0.0082,0.034
6.265819,-0.0186,0.0051,0.0189,0.027
6.274876,-0.0051,0.0047,-0.0118,0.014
6.285571,-0.0187,0.0043,-0.0423,0.046
6.295022,0.0089,-0.0370,-0.0451,0.059
6.305799,0.0229,-0.0237,-0.0744,0.081
6.314952,0.0098,-0.0512,-0.1033,0.116
6.328555,0.0103,-0.0514,-0.1590,0.167
6.335223,-0.0029,-0.0514,-0.1723,0.180
6.344522,-0.0025,-0.0375,-0.1424,0.147
6.356023,0.0250,-0.0232,-0.1101,0.115
6.365780,0.0252,0.0184,-0.0355,0.047
6.376643,0.0117,0.0600,0.0252,0.066
6.385930,-0.0292,0.0334,0.1394,0.146
6.397279,-0.0021,0.0203,0.1843,0.185
6.404797,-0.0160,0.0208,0.1330,0.136
6.416437,-0.0026,-0.0333,0.0814,0.088
6.426598,-0.0029,-0.0331,0.0151,0.036
6.436021,-0.0439,-0.0330,-0.0795,0.097
6.446356,-0.0848,-0.0466,-0.0934,0.135
6.456780,-0.0575,-0.0059,-0.0808,0.099
6.465746,-0.0708,-0.0470,-0.0143,0.086
6.476132,-0.0290,-0.0202,0.0649,0.074
6.486306,-0.0275,0.0201,0.1567,0.160
6.496323,0.0017,-0.0080,0.1932,0.193
6.506483,-0.0100,0.0184,0.2563,0.257
6.515089,0.0327,0.0312,0.2373,0.242
6.525382,0.0478,-0.0242,0.1368,0.147
6.538284,0.0354,-0.0385,0.0502,0.073
6.551642,-0.0316,-0.0256,-0.0495,0.064
6.556118,-0.0851,-0.0535,-0.0807,0.129
6.565085,-0.0024,-0.0268,-0.0846,0.089
6.577743,0.0255,-0.0546,-0.1291,0.142
6.585595,0.0530,-0.1095,-0.1050,0.161
6.597002,0.0797,-0.0826,-0.0668,0.133
6.604815,0.0649,-0.0419,-0.0418,0.088
6.614871,0.0361,-0.0010,-0.1253,0.130
6.625652,0.0614,-0.0281,-0.1941,0.206
6.635063,0.0185,-0.0004,-0.1922,0.193
6.645756,0.0164,-0.0402,-0.2133,0.218
6.659505,0.0011,0.0157,-0.2035,0.204
6.666023,-0.0006,-0.0098,-0.1919,0.192
6.676559,-0.0294,0.0054,-0.1120,0.116
6.685963,-0.0309,0.0070,-0.0602,0.068
6.697826,-0.0867,0.0492,-0.0233,0.102
6.705734,-0.1013,0.0367,0.1073,0.152
6.715513,-0.0748,0.0239,0.1139,0.138
6.725840,0.0202,0.0246,0.1194,0.124
6.734843,0.0476,-0.0157,0.1106,0.121
6.746285,0.0617,-0.0425,0.0190,0.077
6.761093,0.0759,-0.0696,0.0210,0.105
6.765744,0.0084,-0.0697,0.0616,0.093
6.775972,-0.0045,-0.0428,0.0863,0.096
6.785787,-0.0310,-0.0571,0.1497,0.163
6.796297,-0.0712,-0.0716,0.1433,0.175
6.805377,-0.1112,-0.0181,0.1628,0.198
6.814945,-0.0695,-0.0056,0.1273,0.145
6.825293,-0.0416,0.0070,0.0653,0.078
6.835486,-0.0411,-0.0075,0.0043,0.042
6.845647,-0.0133,0.0054,-0.1098,0.111
6.860148,0.0009,0.0184,-0.1958,0.197
6.865737,0.0152,0.0043,-0.2402,0.241
6.876151,0.0161,0.0448,-0.2691,0.273
6.887355,0.0036,0.0312,-0.2270,0.229
6.896532,0.0728,-0.0365,-0.1276,0.151
6.905954,0.0874,-0.0495,-0.0805,0.129
6.917315,0.1291,-0.0759,-0.0458,0.157
6.925852,0.1161,-0.0614,0.0165,0.132
6.936773,0.0070,-0.0195,0.0516,0.056
6.951757,-0.0213,-0.0321,0.0725,0.082
6.958085,-0.1048,-0.0175,0.0519,0.118
6.968361,-0.0794,-0.0030,0.1120,0.137
6.977312,-0.0537,0.0114,0.1168,0.129
6.995287,-0.0015,0.0259,0.1217,0.124
7.005750,0.0111,-0.0151,0.0787,0.081
7.014992,0.0238,-0.0020,0.0331,0.041
7.025094,0.0095,-0.0435,0.0271,0.052
7.034854,-0.0047,-0.0169,0.0207,0.027
7.046098,0.0226,-0.0313,0.0284,0.048
7.062065,-0.0040,-0.0456,0.0096,0.047
7.065911,-0.0845,-0.0599,0.0731,0.127
7.076250,-0.0559,-0.0334,0.0959,0.116
7.084864,-0.0140,-0.0340,0.0646,0.074
7.094985,0.0003,-0.0481,-0.0206,0.052
7.104919,0.0144,-0.0758,-0.0781,0.110
7.114804,0.0146,-0.0216,-0.1485,0.151
7.125783,0.0012,-0.0082,-0.1903,0.190
7.134795,0.0149,-0.0217,-0.2166,0.218
7.146108,0.0151,-0.0213,-0.2000,0.202
7.159890,0.0152,0.0065,-0.1540,0.155
7.165828,0.0426,-0.0199,-0.1335,0.142
7.175922,0.0562,-0.0462,-0.1123,0.134
7.185953,0.0289,-0.0179,-0.1039,0.109
7.196493,-0.0667,0.0104,-0.0812,0.106
7.205561,-0.0670,0.0525,-0.0715,0.111
7.215361,-0.0808,0.0673,-0.0890,0.138
7.225084,-0.0808,0.0684,-0.1204,0.160
7.238240,-0.0532,0.0422,-0.1249,0.142
7.251707,-0.0119,0.0295,-0.1302,0.134
7.255757,0.0295,-0.0242,-0.0683,0.078
7.265480,0.0438,-0.0372,-0.0073,0.058
7.277565,0.0445,-0.0639,0.1073,0.133
7.286113,0.0588,-0.0226,0.1802,0.191
7.297059,0.0459,-0.0360,0.2239,0.231
7.304740,0.0193,-0.0360,0.2241,0.228
7.314978,-0.0074,-0.0092,0.2349,0.235
7.325257,-0.0208,-0.0371,0.2564,0.260
7.334874,-0.0207,-0.0108,0.2483,0.249
7.345926,-0.0207,0.0017,0.1976,0.199
7.360175,-0.0210,0.0141,0.1321,0.134
7.366356,-0.0350,-0.0008,0.0524,0.063
7.375934,-0.0355,-0.0157,0.0271,0.047
7.386278,-0.0088,-0.0170,-0.0113,0.022
7.397102,-0.0228,-0.0454,-0.0348,0.062
7.404960,0.0177,-0.0464,-0.0569,0.075
7.414915,-0.0097,-0.0608,-0.0639,0.089
7.425603,0.0039,-0.0616,-0.0975,0.115
7.435016,-0.0230,-0.0350,-0.1295,0.136
7.445757,0.0319,-0.0625,-0.1993,0.211
7.461933,0.0324,-0.0350,-0.2510,0.256
7.465708,0.0327,-0.0477,-0.2570,0.263
7.476601,0.0738,-0.0056,-0.1923,0.206
7.485103,0.0466,-0.0043,-0.1268,0.135
7.496408,0.0601,-0.0166,-0.0887,0.108
7.505247,-0.0086,-0.0016,-0.0916,0.092
7.515020,-0.0369,-0.0140,-0.0001,0.039
7.525755,-0.0788,0.0144,0.0359,0.088
7.534773,-0.0660,0.0018,0.0709,0.097
7.546110,-0.0665,-0.0110,0.0640,0.093
7.562183,-0.0123,-0.0103,0.0972,0.099
7.565820,0.0692,-0.0506,0.0745,0.114
7.576101,0.1097,-0.0775,0.0497,0.143
7.585671,0.1365,-0.0502,0.0224,0.147
7.596200,0.1086,-0.0231,0.0068,0.111
7.605983,0.0671,-0.0370,0.0175,0.079
7.614961,0.0661,-0.0645,0.0278,0.096
7.624765,-0.0034,-0.0239,0.0376,0.045
7.634943,-0.0459,-0.0378,0.0610,0.085
7.645369,-0.0750,-0.0516,0.0302,0.096
7.662025,-0.0905,-0.0108,0.0272,0.095
7.665536,-0.0922,0.0027,-0.0298,0.097
7.677047,-0.0937,0.0162,-0.0592,0.112
7.685546,-0.0538,0.0026,-0.1017,0.115
7.696939,-0.0272,-0.0111,-0.1158,0.119
7.705542,0.0132,-0.0109,-0.1014,0.103
7.715931,0.0406,0.0166,-0.0992,0.108
7.726532,0.0415,0.0440,-0.0553,0.082
7.738327,0.0024,0.0170,-0.0248,0.030
7.753951,-0.0225,-0.0238,0.0736,0.081
7.755950,0.0614,0.0307,0.1577,0.172
7.767271,0.0766,-0.0102,0.1323,0.153
7.777612,0.0368,-0.0101,0.1064,0.113
7.787823,-0.0168,-0.0237,0.0667,0.073
7.797113,-0.0707,-0.0782,0.0128,0.106
7.814974,-0.1111,-0.0376,0.0109,0.118
7.825914,-0.0293,-0.0924,0.0626,0.115
7.835102,0.0254,-0.0385,0.0992,0.109
7.845874,0.0393,-0.0255,0.1887,0.194
7.856700,0.0258,-0.0264,0.2223,0.225
7.865234,0.0394,-0.0001,0.2142,0.218
7.874932,0.0394,-0.0283,0.2195,0.225
7.885068,-0.0152,-0.0293,0.1298,0.134
7.894961,-0.0151,-0.0301,0.0002,0.034
7.905190,0.0124,-0.0036,-0.0875,0.088
7.915145,-0.0281,-0.0043,-0.1607,0.163
7.925994,-0.0007,0.0224,-0.1925,0.194
7.934792,0.0129,0.0083,-0.1962,0.197
7.947136,0.0808,-0.0055,-0.2797,0.291
7.963760,0.0532,-0.0189,-0.3191,0.324
7.966231,0.0530,-0.0046,-0.3135,0.318
7.975577,0.0661,0.0103,-0.2767,0.285
7.986447,0.0516,0.0118,-0.2099,0.216
7.996270,0.0504,0.0001,-0.1953,0.202
8.005064,-0.0192,0.0021,-0.1657,0.167
8.014864,-0.0479,0.0042,-0.1086,0.119
8.025267,-0.0763,0.0333,-0.0254,0.087
8.035221,-0.0501,-0.0060,0.0288,0.058
8.046491,0.0171,-0.0182,0.0676,0.072
8.060592,0.0163,-0.0307,0.0912,0.098
8.065804,0.0428,-0.0024,0.1409,0.147
8.075520,0.0149,-0.0152,0.1202,0.122
8.085480,-0.0538,-0.0012,0.1365,0.147
8.096024,-0.0815,-0.0014,0.1891,0.206
8.105512,-0.0680,-0.0020,0.2105,0.221
8.116655,-0.0405,-0.0302,0.2157,0.222
8.124762,-0.0126,-0.0586,0.2461,0.253
8.134989,0.0564,-0.0601,0.2748,0.287
8.145267,0.0842,-0.0889,0.2750,0.301
8.162126,0.0844,-0.0633,0.2744,0.294
8.166087,0.0569,-0.0649,0.2596,0.274
8.176064,0.0429,-0.0257,0.1904,0.197
8.186414,0.0289,-0.0001,0.0675,0.073
8.195285,0.0010,0.0257,-0.0269,0.037
8.205211,0.0272,-0.0027,-0.0382,0.047
8.214887,0.0253,-0.0310,-0.0888,0.097
8.225852,0.0363,-0.0317,-0.1245,0.133
8.234718,-0.0076,0.0086,-0.1457,0.146
8.247348,-0.0243,0.0083,-0.1922,0.194
8.264604,-0.0403,0.0083,-0.1945,0.199
8.265290,-0.0556,0.0088,-0.2332,0.240
8.277228,-0.0430,0.0233,-0.2267,0.232
8.285780,-0.0436,0.0383,-0.2708,0.277
8.295679,-0.0576,-0.0146,-0.1900,0.199
8.305666,-0.0303,-0.0266,-0.1221,0.129
8.315020,0.0520,0.0021,-0.1226,0.133
8.326476,0.0392,0.0035,-0.1234,0.130
8.334933,-0.0276,0.0456,-0.1112,0.123
8.346314,-0.0667,0.0468,-0.1133,0.140
8.356604,-0.0644,0.0613,-0.0889,0.126
8.366651,-0.0346,0.0076,0.0160,0.039
8.376784,0.0357,-0.0598,0.1059,0.127
8.385971,0.0917,-0.0864,0.1676,0.210
8.395235,0.1062,-0.1131,0.1464,0.213
8.404822,0.0928,-0.0855,0.1228,0.176
8.415238,0.0383,-0.0718,0.1097,0.137
8.425628,-0.0435,-0.0176,0.0939,0.105
8.434827,-0.0439,-0.0317,0.1439,0.154
8.445156,-0.0852,0.0222,0.1648,0.187
8.461221,-0.1127,0.0486,0.1573,0.200
8.465387,-0.1266,0.0341,0.1214,0.179
8.476508,-0.0725,0.0330,0.0985,0.127
8.486587,-0.0318,0.0593,0.0213,0.071
8.495430,0.0364,0.0175,-0.0004,0.040
8.505999,0.1184,-0.0106,-0.0479,0.128
8.516871,0.1188,-0.0113,-0.0943,0.152
8.525515,0.0648,-0.0119,-0.1263,0.142
8.535727,-0.0161,-0.0261,-0.0893,0.094
8.546248,0.0391,0.0417,-0.0374,0.068
8.564083,0.1078,0.0143,-0.1196,0.162
8.568071,0.0809,-0.0263,-0.1446,0.168
8.577842,0.0401,-0.0394,-0.1265,0.138
8.587634,-0.0286,0.0293,0.0149,0.044
8.597844,-0.0438,0.0846,0.0880,0.130
8.615467,-0.0352,0.0588,0.1767,0.190
8.625278,-0.0236,0.0320,0.2336,0.237
8.635505,-0.0248,-0.0221,0.2760,0.278
8.645332,-0.0390,-0.0358,0.2749,0.280
8.657731,-0.0528,-0.0772,0.1883,0.210
8.664916,-0.0665,-0.1326,0.1666,0.223
8.676306,0.0016,-0.1066,0.1155,0.157
8.685665,0.0291,-0.1079,0.0226,0.114
8.695447,0.0162,-0.0957,-0.0565,0.112
8.705752,0.0172,-0.0834,-0.0936,0.127
8.717019,-0.0228,-0.0300,-0.1153,0.121
8.725653,-0.0085,0.0100,-0.1354,0.136
8.735373,0.0737,0.0229,-0.1408,0.161
8.746639,0.1146,-0.0321,-0.2401,0.268
8.756302,0.1281,-0.0185,-0.3223,0.347
8.765897,0.0871,0.0638,-0.3311,0.348
8.776365,0.0459,0.0515,-0.3753,0.382
8.784982,0.0178,0.0125,-0.3333,0.334
8.796455,0.0571,-0.0397,-0.2615,0.271
8.805249,0.0954,-0.0645,-0.1890,0.221
8.814992,0.0512,-0.0484,-0.1713,0.185
8.825221,-0.0068,-0.0189,-0.0729,0.076
8.834794,-0.0376,0.0241,-0.0168,0.048
8.847899,-0.0139,-0.0012,0.0511,0.053
8.854889,-0.0034,-0.0132,0.1039,0.105
8.865277,0.0349,0.0019,0.1826,0.186
8.876410,0.0055,-0.0106,0.2457,0.246
8.886490,-0.0098,-0.0234,0.2237,0.225
8.895958,-0.0249,-0.0232,0.2239,0.226
8.905298,0.0146,-0.0236,0.2597,0.261
8.915314,-0.0140,-0.0245,0.2501,0.252
8.924919,-0.0015,-0.0257,0.2376,0.239
8.935085,0.0386,-0.0408,0.1961,0.204
8.945252,0.0379,-0.0560,0.1676,0.181
8.961817,0.0237,-0.0440,0.1256,0.135
8.965324,0.0094,-0.0183,0.0571,0.061
8.974752,-0.0321,-0.0061,0.0443,0.055
8.984508,-0.0734,-0.0210,0.0466,0.089
8.996341,-0.0736,0.0051,0.0502,0.089
9.004529,0.0081,-0.0095,0.0279,0.031
9.015900,-0.0055,-0.0241,-0.0481,0.054
9.026871,0.0218,-0.0385,-0.1090,0.118
9.034522,0.0083,-0.0526,-0.1808,0.188
9.044506,-0.0052,-0.0390,-0.2217,0.225
9.054597,0.0222,-0.0249,-0.2858,0.288
9.064624,-0.0048,-0.0104,-0.2377,0.238
9.074626,-0.0045,0.0043,-0.2555,0.256
9.084817,-0.0722,0.0191,-0.2175,0.230
9.095300,-0.0444,0.0613,-0.1923,0.207
9.104689,-0.0301,0.0354,-0.2070,0.212
9.115399,-0.0295,0.0505,-0.1665,0.176
9.124636,0.0122,0.0520,-0.0985,0.112
9.134802,0.0538,0.0397,-0.0175,0.069
9.147486,0.0953,-0.0408,0.0350,0.109
9.154533,0.0959,-0.0534,0.0722,0.131
9.164635,0.0826,-0.0934,0.1215,0.174
9.174810,0.0687,-0.0926,0.1560,0.194
9.184648,0.0271,-0.0646,0.1347,0.152
9.194858,-0.0285,-0.0369,0.1379,0.146
9.204503,-0.0706,-0.0232,0.1374,0.156
9.214652,-0.0991,-0.0099,0.1196,0.156
9.224621,-0.0731,-0.0241,0.1130,0.137
9.235056,-0.0606,-0.0112,0.0642,0.089
9.246301,-0.0480,-0.0255,0.0018,0.054
9.255267,-0.0217,0.0283,-0.0733,0.082
9.264584,-0.0223,0.0277,-0.0928,0.099
9.274678,-0.0629,0.0271,-0.0974,0.119
9.284712,-0.0885,0.0402,-0.0469,0.108
9.295051,-0.0584,0.0394,0.0041,0.071
9.304986,-0.0003,-0.0158,0.0423,0.045
9.315010,0.0441,-0.0572,0.0545,0.090
9.327172,0.1151,-0.0303,0.0813,0.144
9.335483,0.1306,-0.0714,0.0677,0.164
9.345500,0.0777,-0.0851,0.0003,0.115
9.355487,0.0515,-0.0579,-0.0938,0.122
9.365653,-0.0165,-0.0305,-0.0648,0.074
9.375757,-0.0175,-0.0029,-0.0224,0.029
9.385853,0.0217,-0.0026,-0.0075,0.023
9.395887,0.0600,0.0250,0.0342,0.073
9.406343,0.0566,0.0255,0.0622,0.088
9.418103,0.0526,0.0124,0.0352,0.064
9.434715,0.0041,-0.0005,0.0206,0.021
9.444830,-0.0261,0.0134,-0.0208,0.036
9.454499,-0.0693,0.0137,-0.1024,0.124
9.465697,-0.0714,-0.0405,-0.1289,0.153
9.474680,-0.0589,-0.0538,-0.1007,0.128
9.484545,-0.0183,-0.0265,-0.1270,0.131
9.494448,-0.0450,-0.0264,-0.1394,0.149
9.504456,-0.0302,-0.0399,-0.1508,0.159
9.514866,-0.0015,0.0013,-0.1737,0.174
9.524793,0.0002,0.0290,-0.1132,0.117
9.534519,0.0428,0.0432,-0.0653,0.089
9.544693,0.0444,0.0302,-0.0443,0.070
9.554531,0.0322,0.0308,-0.0095,0.046
9.564808,0.0334,0.0178,0.0247,0.045
9.574579,-0.0200,-0.0089,0.0713,0.075
9.584481,-0.0464,0.0187,0.1166,0.127
9.595135,-0.0322,-0.0082,0.1474,0.151
9.604436,-0.0453,-0.0080,0.1776,0.183
9.614976,-0.0314,-0.0351,0.1653,0.172
9.624547,-0.0448,-0.0353,0.1635,0.173
9.634459,-0.0310,-0.0495,0.1581,0.169
9.644486,0.0236,-0.0640,0.0822,0.107
9.657867,0.0237,-0.0922,0.0466,0.106
9.664670,0.0510,-0.0931,0.0519,0.118
9.674637,0.0646,-0.0939,0.0439,0.122
9.684459,0.0644,-0.0947,0.0500,0.125
9.694507,0.0777,-0.0546,0.0432,0.104
9.704525,0.0227,-0.0007,0.0508,0.056
9.714691,0.0084,0.0260,0.0318,0.042
9.724726,0.0073,0.0256,-0.0274,0.038
9.734470,-0.0757,0.0525,-0.1268,0.157
9.744527,-0.1041,0.0524,-0.1568,0.195
9.754488,-0.0235,0.0660,-0.1847,0.198
9.764941,-0.0243,-0.0154,-0.1963,0.198
9.774582,-0.0250,-0.0284,-0.1511,0.156
9.784496,0.0563,-0.0686,-0.1316,0.159
9.794495,0.0831,-0.0677,-0.1381,0.175
9.804584,0.0829,-0.0532,-0.1167,0.153
9.815673,0.0419,-0.0387,-0.1084,0.122
9.827185,-0.0263,-0.0377,-0.0995,0.110
9.837257,-0.0672,0.0314,-0.0766,0.107
9.844586,-0.0398,0.0597,-0.1079,0.130
9.854476,-0.0259,0.0470,-0.0717,0.090
9.864565,-0.0121,0.0342,-0.0499,0.062
9.874522,0.0425,0.0621,0.0386,0.085
9.884439,0.0018,-0.0054,0.1122,0.112
9.894576,0.0291,-0.0730,0.1169,0.141
9.904530,0.0834,-0.0999,0.1207,0.177
9.914780,0.0694,-0.1133,0.1361,0.190
9.924644,0.0144,-0.0316,0.1353,0.140
9.934719,-0.0949,0.0362,0.1047,0.146
9.945224,-0.0406,0.0358,0.0455,0.071
9.954572,0.0137,0.0353,0.0133,0.040
9.964669,-0.0001,0.0483,0.0621,0.079
9.974543,0.0268,0.0749,0.1372,0.159
9.984482,0.0536,0.0197,0.0891,0.106
9.994633,0.0665,-0.0355,0.0954,0.122
10.004605,0.0790,-0.0906,0.1292,0.176
10.014687,0.0230,-0.0639,0.1631,0.177
10.024579,-0.0057,-0.0918,0.1561,0.181
10.034807,0.0203,-0.0923,0.0543,0.109
10.045776,0.0055,-0.1065,0.0077,0.107
10.054432,-0.0230,-0.0932,0.0164,0.097
10.064447,-0.0244,-0.0255,0.0120,0.037
10.075524,-0.0393,-0.0258,-0.0464,0.066
10.085870,-0.0678,0.0149,-0.0907,0.114
10.094909,-0.0689,0.0555,-0.1210,0.150
10.104755,-0.0289,0.0690,-0.1775,0.193
10.115168,-0.0157,0.0826,-0.1914,0.209
10.125106,-0.0158,0.0556,-0.2303,0.237
10.135434,0.0526,0.0425,-0.2798,0.288
10.145541,0.0395,0.0025,-0.2306,0.234
10.155256,0.0130,-0.0645,-0.1655,0.178
10.165283,0.0004,-0.0498,-0.0592,0.077
10.175817,0.0014,-0.0352,0.0327,0.048
10.185663,-0.0112,-0.0343,0.1370,0.142
10.195829,-0.0239,-0.0336,0.1582,0.163
10.206172,0.0314,-0.0467,0.1782,0.187
10.216403,0.0730,-0.0325,0.2111,0.226
10.226328,0.0734,-0.0322,0.1603,0.179
10.244600,0.0183,-0.0187,0.1040,0.107
10.254568,-0.0098,-0.0056,0.0574,0.058
10.264714,-0.0244,-0.0062,0.0090,0.027
10.274531,-0.0255,-0.0342,-0.0262,0.050
10.284680,-0.0129,-0.0077,-0.0067,0.016
10.294517,-0.0002,-0.0356,0.0270,0.045
10.304576,-0.0691,-0.0498,0.0616,0.105
10.315018,-0.0698,-0.0367,0.0698,0.105
10.324565,-0.0430,-0.0235,0.0243,0.055
10.335833,-0.0430,0.0032,-0.0208,0.048
10.344598,-0.0016,-0.0108,-0.0511,0.052
10.354601,0.0403,-0.0111,-0.0663,0.078
10.364619,0.0550,0.0025,-0.0658,0.086
10.374535,0.0695,0.0026,-0.0639,0.094
10.384586,0.0293,-0.0109,-0.0073,0.032
10.394617,0.0707,0.0165,-0.0598,0.094
10.404668,0.0847,-0.0106,-0.0308,0.091
10.414699,0.0436,-0.0103,-0.0018,0.045
10.424968,0.0018,0.0172,-0.0001,0.017
10.434844,-0.0135,0.0312,0.0559,0.065
10.445177,-0.0428,-0.0093,0.0709,0.083
10.455144,-0.0448,0.0047,0.0721,0.085
10.464542,-0.0736,-0.0223,0.0865,0.116
10.474563,-0.1018,-0.0086,0.0596,0.118
10.484611,-0.0750,-0.0086,0.0726,0.105
10.494573,-0.0343,-0.0224,0.0709,0.082
10.504627,-0.0207,-0.0362,0.0412,0.059
10.514672,0.0070,-0.0230,0.0243,0.034
10.524685,0.0085,-0.0100,0.0070,0.015
10.535492,0.0378,-0.0379,0.0305,0.062
10.545021,0.0399,-0.0113,0.0539,0.068
10.555276,0.0687,-0.0391,0.0502,0.094
10.564522,0.0698,-0.0532,0.0333,0.094
10.574622,0.0296,-0.0128,-0.0240,0.040
10.584577,-0.0380,-0.0131,-0.0400,0.057
10.594520,-0.0377,0.0003,-0.0828,0.091
10.604628,0.0029,-0.0135,-0.1525,0.153
10.614705,0.0292,-0.0270,-0.1528,0.158
10.625151,0.0276,-0.0131,-0.1649,0.168
10.637247,-0.0285,-0.0125,-0.1340,0.138
10.655772,0.0380,0.0428,-0.1424,0.153
10.658861,-0.0179,0.0300,-0.0683,0.077
10.667688,0.0081,0.0172,-0.0618,0.065
10.675901,-0.0065,0.0453,-0.0413,0.062
10.687321,-0.0209,0.0462,-0.0480,0.070
10.694695,-0.0621,0.0197,-0.0278,0.071
10.706019,-0.0620,-0.0069,-0.0080,0.063
10.714500,-0.0613,-0.0200,-0.0025,0.064
10.724704,-0.0328,-0.0196,0.0159,0.041
10.735864,-0.0176,-0.0330,0.0473,0.060
10.748460,-0.0292,-0.0056,0.1188,0.122
10.755591,-0.0137,-0.0465,0.1751,0.182
10.771546,-0.0389,0.0213,0.2287,0.233
10.782049,-0.0097,0.0206,0.2519,0.253
10.784644,0.0057,0.0061,0.2450,0.245
10.795088,0.0753,-0.0087,0.2087,0.222
10.804650,0.0493,-0.0235,0.1306,0.142
10.816014,0.0367,-0.0520,0.0526,0.083
10.826214,0.0237,0.0014,0.0024,0.024
10.835105,-0.0033,-0.0132,-0.0335,0.036
10.844588,0.0099,-0.0140,-0.0413,0.045
10.856896,0.0362,-0.0147,-0.0889,0.097
10.866180,0.0618,-0.0560,-0.1356,0.159
10.876046,0.0461,-0.0700,-0.1408,0.164
10.884560,0.0164,-0.0701,-0.0900,0.115
10.894452,0.0003,-0.0155,-0.0504,0.053
10.906002,0.0251,-0.0151,-0.0081,0.030
10.915910,-0.0314,-0.0144,-0.0180,0.039
10.925028,-0.0602,-0.0000,-0.0400,0.072
10.934988,-0.0616,0.0144,-0.0614,0.088
10.945141,-0.1034,0.0016,-0.1639,0.194
10.955536,-0.0628,0.0297,-0.1841,0.197
10.965182,0.0057,0.0032,-0.2309,0.231
10.975477,0.0336,0.0041,-0.1819,0.185
10.985632,0.0889,-0.0088,-0.1467,0.172
10.995659,0.0760,0.0192,-0.0713,0.106
11.005917,0.0493,0.0198,0.0033,0.053
11.015800,-0.0182,0.0204,0.0363,0.045
11.025954,-0.0312,0.0072,0.1094,0.114
11.036339,-0.0170,-0.0332,0.2226,0.226
11.046301,0.0516,-0.0329,0.2807,0.287
11.064495,0.0520,-0.0465,0.2678,0.277
11.074557,0.0515,-0.0333,0.2222,0.231
11.084533,-0.0447,-0.0069,0.2274,0.232
11.094669,-0.0594,0.0056,0.2158,0.224
11.104603,-0.0740,0.0179,0.1071,0.131
11.114904,-0.0748,-0.0108,0.0526,0.092
11.124702,-0.0209,-0.0258,0.0530,0.063
11.134956,0.0330,-0.0544,0.0406,0.075
11.145067,0.0325,-0.0556,-0.0114,0.065
11.154752,-0.0495,-0.0294,-0.0480,0.075
11.164579,-0.0222,-0.0304,-0.0967,0.104
11.174598,-0.0625,0.0096,-0.1172,0.133
11.184641,0.0068,0.0225,-0.1358,0.138
11.194829,0.0082,-0.0323,-0.1376,0.142
11.204681,0.0233,-0.0186,-0.1492,0.152
11.214806,-0.0026,0.0228,-0.1977,0.199
11.224636,0.0121,-0.0308,-0.1894,0.192
11.234806,0.0266,-0.0434,-0.2881,0.293
11.244930,0.0410,-0.0557,-0.2899,0.298
11.257581,0.0551,-0.0270,-0.2901,0.296
11.264550,0.0552,-0.0118,-0.1943,0.202
11.274688,0.0139,0.0170,-0.0988,0.101
11.284657,-0.0006,0.0594,-0.0587,0.084
11.294579,-0.0291,0.0744,0.0345,0.087
11.304609,-0.0574,0.0755,0.0988,0.137
11.314715,-0.0582,0.0629,0.1480,0.171
11.324572,-0.0721,0.0364,0.1826,0.200
11.334931,-0.0584,-0.0038,0.1884,0.197
11.345038,-0.0310,-0.0307,0.1508,0.157
11.360167,-0.0308,-0.0853,0.1912,0.212
11.364728,0.0238,-0.1131,0.2271,0.255
11.374753,0.0242,-0.0732,0.2453,0.257
11.384526,0.0384,-0.0746,0.2875,0.299
11.394787,0.0662,-0.0353,0.2325,0.244
11.404759,0.0667,-0.0097,0.1767,0.189
11.414677,0.0534,0.0023,0.1077,0.120
11.424661,0.0263,0.0144,0.0128,0.033
11.434550,-0.0146,0.0131,-0.0258,0.032
11.445175,-0.0148,0.0120,-0.0627,0.066
11.458061,-0.0290,-0.0161,-0.0710,0.078
11.465189,-0.0028,-0.0305,-0.0511,0.060
11.474542,-0.0042,-0.0174,-0.0572,0.060
11.484551,-0.0327,0.0095,-0.0883,0.095
11.494475,-0.0746,0.0096,-0.1572,0.174
11.504503,-0.0343,-0.0173,-0.1954,0.199
11.514887,0.0063,-0.0302,-0.2032,0.206
11.524659,-0.0074,-0.0293,-0.1950,0.197
11.534753,0.0062,0.0127,-0.1311,0.132
11.546654,0.0337,-0.0271,-0.1078,0.116
11.560494,0.0614,-0.0124,-0.1254,0.140
11.564525,0.0073,-0.0114,-0.1159,0.117
11.574461,-0.0059,0.0168,-0.1067,0.108
11.584449,-0.0054,0.0314,-0.0976,0.103
11.594467,-0.0458,0.0187,-0.0885,0.101
11.604670,-0.0181,-0.0076,-0.0661,0.069
11.614777,-0.0177,-0.0205,-0.0038,0.027
11.625086,-0.0718,-0.0062,0.0573,0.092
11.634925,-0.0851,0.0080,0.1578,0.180
11.644821,-0.0576,-0.0188,0.2305,0.238
11.657500,-0.0165,-0.0185,0.2743,0.275
11.665265,-0.0026,-0.0050,0.2059,0.206
11.674481,0.0114,-0.0190,0.1205,0.123
11.684458,-0.0155,0.0075,0.0597,0.062
11.694552,0.0398,0.0066,0.0388,0.056
11.704441,0.0679,0.0193,0.0853,0.111
11.714470,0.0414,-0.0090,0.0904,0.100
11.725134,0.0828,-0.0645,0.0949,0.141
11.735132,0.0966,-0.1064,0.0992,0.175
11.746643,0.0696,-0.1210,-0.0047,0.140
11.754893,0.0148,-0.1081,-0.0799,0.135
11.764866,-0.0678,-0.0541,-0.1396,0.164
11.775031,-0.0964,-0.0272,-0.1571,0.186
11.784915,-0.1249,0.0407,-0.1194,0.178
11.795048,-0.1256,0.0679,-0.0799,0.164
11.805571,-0.0851,0.0680,-0.0786,0.134
11.815564,-0.0442,0.0684,-0.1160,0.142
11.825597,-0.0440,0.0827,-0.1785,0.202
11.836169,-0.0164,0.0835,-0.1984,0.216
11.845914,0.0118,0.0707,-0.2302,0.241
11.855764,0.0408,0.0308,-0.2196,0.225
11.865877,0.0705,0.0045,-0.1404,0.157
11.876221,0.0460,0.0326,-0.0483,0.074
11.886269,0.0622,0.0060,0.0696,0.094
11.904658,0.0387,-0.0474,0.1922,0.202
11.914476,0.0673,-0.0607,0.2384,0.255
11.924640,0.0680,-0.0332,0.3095,0.319
11.934536,0.0270,-0.0468,0.3091,0.314
11.947543,-0.0422,-0.0336,0.2770,0.282
11.955025,-0.0848,-0.0071,0.2138,0.230
11.964604,-0.1138,0.0464,0.1883,0.225
11.974474,-0.1289,0.0450,0.1744,0.221
11.984518,-0.0755,0.0435,0.1185,0.147
11.996257,-0.0220,0.0011,0.0761,0.079
12.004801,-0.0362,-0.0005,0.0617,0.071
12.014717,0.0050,0.0116,0.0080,0.015
12.024603,0.0198,-0.0579,-0.0303,0.068
12.035632,0.0353,-0.0456,-0.0534,0.079
12.044837,-0.0031,-0.0332,-0.1298,0.134
12.062194,-0.0005,-0.0343,-0.1908,0.194
12.065542,0.0156,-0.0485,-0.2752,0.280
12.074525,0.0041,-0.0212,-0.3409,0.342
12.084600,0.0464,-0.0205,-0.3605,0.364
12.094512,0.0474,-0.0192,-0.3216,0.326
12.104538,0.1164,-0.0585,-0.2801,0.309
12.114737,0.1029,-0.0159,-0.2374,0.259
12.126214,0.1290,-0.0140,-0.2076,0.245
12.134509,0.0721,0.0153,-0.1503,0.167
12.144916,0.0279,0.0311,-0.1206,0.128
12.155431,-0.0301,0.0332,-0.0641,0.078
12.164590,-0.0469,0.0487,0.0455,0.081
12.174509,-0.0090,0.0639,0.1123,0.130
12.184661,-0.0388,0.0108,0.1228,0.129
12.194500,-0.0817,0.0392,0.2001,0.220
12.204576,-0.1376,0.0673,0.2483,0.292
12.214778,-0.1250,0.0133,0.3200,0.344
12.225095,-0.0033,-0.0140,0.3315,0.332
12.234742,0.0777,-0.0420,0.3229,0.335
12.245357,0.1455,-0.0843,0.2820,0.328
12.254617,0.1046,-0.0587,0.2388,0.267
12.264789,0.0366,-0.0605,0.1809,0.194
12.274623,-0.0719,0.0057,0.1634,0.179
12.284571,-0.0850,0.0174,0.1599,0.182
12.294509,-0.0705,0.0291,0.1299,0.151
12.304500,-0.0286,0.0136,0.0874,0.093
12.314839,0.0131,-0.0016,-0.0079,0.015
12.324641,0.0680,-0.0303,-0.0467,0.088
12.334494,0.0546,-0.0178,-0.0566,0.081
12.344615,0.0138,0.0084,-0.0653,0.067
12.355391,0.0137,-0.0197,-0.1132,0.116
12.364717,-0.0138,-0.0201,-0.1988,0.200
12.374813,0.0270,-0.0201,-0.2258,0.228
12.384545,0.0270,0.0077,-0.2215,0.223
12.394623,0.0269,-0.0323,-0.2414,0.245
12.405057,0.0265,-0.0175,-0.2451,0.247
12.414925,-0.0557,0.0112,-0.2332,0.240
12.424772,-0.0970,0.0128,-0.1658,0.193
12.434724,-0.1247,0.0415,-0.0308,0.135
12.444636,-0.1112,0.0155,-0.0058,0.112
12.454739,-0.0700,0.0302,0.0179,0.078
12.465133,-0.0145,0.0175,0.0406,0.047
12.475284,0.0823,-0.0091,0.0621,0.103
12.484762,0.0973,-0.0493,0.1234,0.165
12.494816,0.0848,-0.0352,0.1700,0.193
12.504706,0.0855,-0.0485,0.0919,0.135
12.515111,0.0315,-0.0349,0.0247,0.053
12.524878,-0.0633,-0.0351,-0.0042,0.072
12.535246,-0.1035,-0.0220,0.0059,0.106
12.545060,-0.1028,0.0456,0.0147,0.113
12.555650,-0.0614,0.0449,0.1047,0.129
12.567042,0.0072,0.0714,0.1668,0.182
12.574763,0.1029,0.0298,0.2009,0.228
12.584725,0.1844,-0.0119,0.2072,0.278
12.594974,0.1970,-0.0670,0.1180,0.239
12.605235,0.0997,-0.0540,0.0431,0.121
12.615301,0.0292,-0.0952,-0.0171,0.101
12.625384,-0.0411,-0.0819,-0.0491,0.104
12.635373,-0.0700,-0.0549,-0.0943,0.130
12.645596,-0.0849,-0.0280,-0.0570,0.106
12.655373,-0.0861,-0.0009,-0.0736,0.113
12.665489,-0.0735,-0.0146,-0.1028,0.127
12.675697,-0.0609,-0.0146,-0.1170,0.133
12.686065,-0.0483,0.0129,-0.1834,0.190
12.697109,-0.0218,0.0272,-0.2061,0.209
12.705960,-0.0357,0.0281,-0.2531,0.257
12.716624,-0.0217,0.0427,-0.2433,0.248
12.726471,-0.0205,0.0711,-0.1913,0.205
12.745380,0.0382,0.0458,-0.1144,0.129
12.754633,0.0541,0.0195,-0.0360,0.068
12.764491,0.0152,-0.0070,0.0277,0.032
12.774630,-0.0104,-0.0200,0.1310,0.133
12.784493,0.0318,-0.0330,0.1924,0.198
12.794550,-0.0080,-0.0461,0.2665,0.271
12.804581,0.0065,-0.0594,0.2977,0.304
12.814776,0.0340,-0.0867,0.2980,0.312
12.824612,0.0064,-0.0734,0.2394,0.251
12.834765,0.0056,-0.0470,0.2038,0.209
12.844592,0.0181,-0.0617,0.1514,0.165
12.854681,-0.0105,-0.0357,0.0842,0.092
12.864629,0.0019,-0.0369,0.0306,0.048
12.874590,0.0142,-0.0790,0.0183,0.082
12.884617,0.0265,-0.0392,0.0070,0.048
12.894655,-0.0019,-0.0266,-0.0165,0.031
12.905287,-0.0439,-0.0274,-0.0387,0.065
12.915221,-0.0857,-0.0146,-0.0734,0.114
12.924919,-0.0728,-0.0152,-0.1204,0.142
12.934644,-0.0323,-0.0019,-0.1646,0.168
12.946054,0.0085,-0.0155,-0.2185,0.219
12.955512,0.0223,-0.0422,-0.2545,0.259
12.964628,0.0771,-0.0412,-0.2324,0.248
12.974659,0.0365,-0.0128,-0.2487,0.252
12.984554,0.0095,-0.0250,-0.3044,0.306
12.996531,0.0098,-0.0236,-0.2364,0.238
13.004790,-0.0171,-0.0221,-0.1816,0.184
13.015227,-0.0304,-0.0206,-0.0861,0.094
13.025543,-0.0164,-0.0057,-0.0186,0.025
13.034699,-0.0432,-0.0453,0.0340,0.071
13.044660,0.0387,-0.0716,0.1665,0.185
13.054603,0.0523,-0.0299,0.2562,0.263
13.064512,0.0248,0.0117,0.2629,0.264
13.074731,-0.0437,-0.0149,0.2274,0.232
13.084690,-0.0440,-0.0147,0.1751,0.181
13.094758,-0.0306,-0.0012,0.1323,0.136
13.104687,-0.0715,-0.0019,0.0986,0.122
13.114743,-0.0986,-0.0165,0.0620,0.118
13.128265,-0.1257,-0.0176,0.0650,0.143
13.136153,-0.0841,-0.0325,0.1626,0.186
13.145202,-0.0283,-0.0203,0.1915,0.195
13.155006,0.0007,-0.0218,0.1792,0.181
13.170727,0.0571,-0.0369,0.1268,0.144
13.175088,0.0727,-0.0383,0.0893,0.121
13.185765,0.0608,-0.0394,0.0397,0.083
13.195783,0.0078,-0.0132,-0.0497,0.052
13.206388,-0.0317,-0.0413,-0.1108,0.122
13.216498,0.0102,-0.0420,-0.1564,0.162
13.225758,-0.0161,-0.0560,-0.1723,0.182
13.236073,0.0256,-0.0424,-0.1990,0.205
13.245082,0.0669,-0.0421,-0.2098,0.224
13.255920,0.0530,-0.0552,-0.1777,0.193
13.268270,0.0110,0.0002,-0.1303,0.131
13.275456,-0.0178,0.0284,-0.0410,0.053
13.284897,-0.0331,0.0022,0.0349,0.048
13.294875,-0.0344,0.0168,0.0831,0.092
13.305068,-0.0218,-0.0096,0.1033,0.106
13.316000,0.0048,-0.0361,0.1088,0.115
13.326557,0.0041,-0.0492,0.0998,0.111
13.335121,0.0172,-0.0351,0.0494,0.063
13.345016,0.0304,-0.0756,0.0388,0.090
13.354930,-0.0518,-0.0345,-0.0144,0.064
13.371900,-0.0654,-0.0210,-0.0424,0.081
13.376700,-0.0650,-0.0349,-0.0177,0.076
13.386006,-0.0099,-0.0218,0.0466,0.052
13.395788,0.0318,-0.0224,0.1101,0.117
13.404938,0.1004,-0.0502,0.1459,0.184
13.415439,0.1008,-0.0644,0.1680,0.206
13.427627,0.0874,-0.0377,0.1087,0.144
13.435889,0.0873,-0.0110,0.0635,0.109
13.445599,0.0322,0.0568,-0.0083,0.066
13.456176,0.0036,0.0430,-0.1066,0.115
13.465490,-0.0117,0.0293,-0.2045,0.207
13.475306,-0.0272,0.0429,-0.2472,0.252
13.487016,-0.0564,0.0022,-0.2475,0.254
13.497161,-0.0447,-0.0246,-0.1777,0.185
13.506740,-0.0464,-0.0649,-0.0655,0.103
13.516415,-0.0614,-0.0916,0.0611,0.126
13.527187,-0.1034,-0.1591,0.2282,0.297
13.538408,-0.1448,-0.1179,0.3261,0.376
13.547066,-0.1303,-0.1042,0.3139,0.356
13.557259,-0.1818,-0.0909,0.3553,0.409
13.568006,-0.1498,-0.0642,0.5323,0.557
13.585035,0.1457,0.0293,0.3756,0.404
13.595695,0.2710,-0.0540,0.1326,0.307
13.605153,0.0546,-0.0014,0.0355,0.065
13.615258,-0.0261,0.1054,0.0993,0.147
13.625174,0.0292,0.1440,0.0264,0.149
13.635291,0.1114,0.0875,-0.0858,0.166
13.644899,0.2059,-0.0639,-0.0866,0.232
13.656031,0.1488,-0.0923,-0.0982,0.201
13.669373,0.0219,-0.0657,-0.0940,0.117
13.674687,-0.0925,-0.0661,-0.1566,0.194
13.684764,-0.1661,-0.0799,-0.1902,0.265
13.695127,-0.1704,-0.0796,-0.2462,0.310
13.705785,-0.0645,-0.0241,-0.2683,0.277
13.715897,-0.0254,-0.0635,-0.3394,0.346
13.726121,0.0142,-0.0480,-0.3392,0.343
13.734796,-0.0414,-0.0187,-0.3229,0.326
13.744950,-0.0964,0.0379,-0.2375,0.259
13.754824,-0.1364,0.0261,-0.1796,0.227
13.773252,-0.1604,0.0140,-0.0683,0.175
13.776568,-0.0595,0.0286,0.0143,0.068
13.786578,-0.0527,0.0157,0.0681,0.088
13.796206,-0.0323,-0.0247,0.1203,0.127
13.806563,0.0278,-0.0242,0.1168,0.123
13.815232,0.0728,-0.0374,0.0165,0.083
13.826300,0.1166,-0.0506,-0.0992,0.161
13.835789,0.1462,-0.1047,-0.2298,0.292
13.845027,0.1343,-0.0772,-0.3202,0.356
13.855791,0.0804,-0.0222,-0.3561,0.366
13.876930,-0.0565,-0.0080,-0.2830,0.289
13.877671,-0.0853,-0.0073,-0.0739,0.113
13.886777,0.0075,0.0070,0.0938,0.094
13.896625,0.0317,-0.0331,0.2067,0.212
13.907185,0.0011,-0.0051,0.2782,0.278
13.916465,-0.0565,-0.0044,0.3630,0.367
13.924979,-0.1405,0.0642,0.3383,0.372
13.935330,-0.1691,0.0100,0.3258,0.367
13.944875,-0.0610,0.0100,0.2019,0.211
13.954808,-0.0072,-0.0040,0.0884,0.089
13.976337,0.0471,-0.0457,0.0261,0.071
13.977149,0.0616,-0.0605,-0.0252,0.090
13.986104,0.0493,-0.0347,-0.0373,0.071
13.996281,0.0234,-0.0498,-0.0493,0.074
14.005266,0.0245,-0.0647,-0.0192,0.072
14.016572,0.0120,-0.0930,-0.0011,0.094
14.027448,-0.0141,-0.0532,0.0728,0.091
14.034980,-0.0948,-0.0404,0.1886,0.215
14.045008,-0.1075,-0.0003,0.0875,0.139
14.057103,-0.0931,0.0128,0.0021,0.094
14.064912,-0.0378,0.0535,-0.0671,0.094
14.079655,-0.0235,0.0535,-0.1066,0.122
14.085239,0.0044,0.0402,-0.1854,0.190
14.095616,0.0187,0.0133,-0.2088,0.210
14.106308,0.0602,0.0001,-0.2449,0.252
14.116076,0.0881,-0.0402,-0.1988,0.221
14.125269,0.0887,-0.0397,-0.1388,0.169
14.135133,0.0621,-0.0255,-0.0922,0.114
14.145516,0.0626,-0.0795,0.0361,0.107
14.154991,0.0492,-0.0516,0.1506,0.167
14.170667,0.0350,-0.0374,0.1421,0.151
14.175548,0.0196,-0.0367,0.1058,0.114
14.186512,-0.0510,-0.0496,0.1096,0.131
14.194843,-0.1078,-0.0081,0.1401,0.177
14.206415,-0.1504,0.0059,0.1835,0.237
14.216097,-0.1104,0.0470,0.1707,0.209
14.225567,-0.0562,0.0604,0.1547,0.175
14.235098,-0.0289,0.0189,0.1079,0.113
14.245081,0.0938,-0.0093,0.1397,0.169
14.254768,0.1484,-0.0105,0.1152,0.188
14.266918,0.1621,-0.0526,0.1040,0.200
14.275965,0.1213,-0.0810,0.0667,0.160
14.286051,0.1348,-0.1092,0.0443,0.179
14.297366,0.1070,-0.1372,-0.0042,0.174
14.307207,0.1055,-0.1378,-0.0380,0.178
14.316439,-0.0196,-0.0701,0.0108,0.074
14.326109,-0.0370,-0.0430,0.0467,0.073
14.335757,-0.0281,-0.0157,0.0288,0.043
14.346237,-0.0603,-0.0155,-0.0424,0.075
14.355790,-0.0785,0.0120,-0.0579,0.098
14.366615,-0.0550,0.0396,-0.0720,0.099
14.376294,-0.0035,0.0401,-0.1119,0.119
14.387400,0.0622,0.0270,-0.1502,0.165
14.397678,0.0737,0.0550,-0.1327,0.161
14.406763,0.0312,0.0285,-0.1413,0.147
14.425687,0.0438,0.0026,-0.1163,0.124
14.434843,-0.0104,-0.0104,-0.0832,0.084
14.444808,-0.0099,-0.0506,0.0314,0.060
14.455706,0.0177,-0.1182,0.0775,0.142
14.471072,-0.0093,-0.1177,0.1500,0.191
14.474669,0.0181,-0.0901,0.1946,0.215
14.484805,0.0043,-0.0897,0.2661,0.281
14.495581,0.0446,-0.0622,0.2819,0.292
14.506089,-0.0108,0.0196,0.2407,0.242
14.516048,-0.0798,0.1010,0.1960,0.234
14.525129,-0.1620,0.1275,0.1069,0.232
14.534828,-0.2438,0.1264,0.0427,0.278
14.545824,-0.1892,0.0844,0.0185,0.208
14.555365,-0.1200,0.0286,-0.0327,0.128
14.570481,-0.0221,-0.0136,-0.1099,0.113
14.576170,0.0360,-0.0557,-0.1719,0.184
14.585517,0.0537,-0.0705,-0.1915,0.211
14.596359,0.0848,-0.0852,-0.2377,0.266
14.605797,0.0881,-0.1132,-0.3090,0.341
14.615631,0.1317,-0.1133,-0.3211,0.365
14.625360,0.1067,-0.0991,-0.2730,0.309
14.635067,0.0676,-0.0979,-0.2337,0.262
14.646099,0.0554,-0.0419,-0.1374,0.154
14.657085,-0.0120,0.0006,-0.0681,0.069
14.665788,-0.0263,0.0295,0.0140,0.042
14.676322,0.0123,0.0447,0.0539,0.071
14.686363,-0.0047,0.0327,0.0243,0.041
14.695650,0.0050,0.0070,0.0885,0.089
14.706662,-0.0665,0.0355,0.0562,0.094
14.715680,-0.0827,0.0229,0.0634,0.107
14.726139,-0.0435,0.0372,0.0817,0.100
14.735389,-0.0309,-0.0033,0.0289,0.042
14.745741,-0.0043,-0.0306,-0.0264,0.041
14.755002,0.0632,-0.0172,-0.0019,0.066
14.770808,0.1176,-0.0584,0.0081,0.132
14.778038,0.1176,-0.0452,0.0313,0.130
14.785217,0.0901,-0.0456,0.0683,0.122
14.796513,0.0218,-0.0460,0.1055,0.117
14.807362,-0.0330,0.0081,0.1290,0.133
14.815784,-0.0333,0.0213,0.1523,0.157
14.827406,-0.0202,-0.0199,0.0938,0.098
14.835579,0.0195,0.0071,0.0762,0.079
14.845164,0.0583,0.0069,0.0724,0.093
14.856301,0.0148,0.0204,-0.0130,0.028
14.866565,0.0255,0.0203,-0.0709,0.078
14.875575,-0.0315,-0.0206,-0.1147,0.121
14.885701,-0.0877,0.0474,-0.1308,0.164
14.897332,-0.0887,0.0473,-0.1058,0.146
14.906925,-0.0893,0.0335,-0.1075,0.144
14.915453,-0.0351,-0.0074,-0.0946,0.101
14.925081,0.1014,-0.0754,-0.0666,0.143
14.934942,0.1153,-0.0479,0.0040,0.125
14.945389,0.1289,-0.0883,-0.0600,0.167
14.954947,0.1556,-0.1286,-0.0414,0.206
14.973250,0.1412,-0.1279,0.0049,0.191
14.975970,0.0724,-0.0728,0.0371,0.109
14.986307,-0.0376,-0.0450,-0.0129,0.060
14.995176,-0.0663,-0.0443,-0.1719,0.190
15.004861,-0.1632,-0.0028,-0.2219,0.275
15.015694,-0.2054,0.0795,-0.1491,0.266
15.025922,-0.1791,0.0937,-0.0628,0.212
15.034953,-0.1117,0.1079,-0.0042,0.155
15.044800,-0.0712,0.0947,0.0675,0.136
15.057058,-0.0299,0.1358,0.1930,0.238
15.065069,0.1892,-0.0139,0.5220,0.555
15.075933,0.1500,-0.0139,0.2923,0.329
15.085550,0.0569,-0.0686,0.2652,0.280
15.094926,0.1001,-0.0692,0.2216,0.253
15.106962,0.1156,-0.0837,0.2153,0.258
15.115778,0.2256,-0.1529,0.2189,0.350
15.126576,0.2127,-0.1817,0.1921,0.339
15.135788,0.1305,-0.1832,0.1363,0.263
15.145622,0.0327,-0.1166,0.1071,0.162
15.155498,-0.0129,-0.0633,0.0374,0.075
15.166301,-0.0330,-0.0233,-0.0446,0.060
15.177336,0.0273,-0.0102,-0.1109,0.115
15.186397,0.0606,0.0167,-0.1613,0.173
15.196828,0.0401,0.0573,-0.2378,0.248
15.206875,-0.0610,0.0981,-0.2842,0.307
15.218770,-0.0929,0.1121,-0.2852,0.320
15.226371,-0.0830,0.0858,-0.2811,0.305
15.236774,-0.0452,0.0462,-0.2314,0.240
15.254979,-0.0348,-0.0185,-0.1914,0.195
15.269095,-0.0480,0.0240,-0.1492,0.159
15.275587,-0.0734,0.0391,-0.0801,0.115
15.285026,-0.0706,0.0403,-0.0120,0.082
15.295212,-0.0942,0.0140,0.0410,0.104
15.306672,-0.1032,-0.0126,0.0516,0.116
15.316162,-0.0299,-0.0121,0.1017,0.107
15.325320,0.0158,-0.0254,0.1370,0.140
15.335088,0.0877,-0.0388,0.1292,0.161
15.345685,0.0770,-0.0252,0.1046,0.132
15.355442,0.0247,-0.0255,0.0496,0.061
15.374310,-0.0008,-0.0669,0.0736,0.099
15.377260,0.0006,-0.0812,0.0684,0.106
15.386102,0.0152,-0.0956,0.1300,0.162
15.395534,0.0293,-0.0692,0.0957,0.122
15.406940,0.0291,-0.0836,0.1021,0.135
15.415824,0.0146,-0.0570,0.1224,0.136
15.426276,0.0537,-0.0031,0.1020,0.115
15.435481,0.0375,-0.0171,0.0413,0.058
15.446340,-0.0062,0.0099,0.0085,0.014
15.455322,0.0185,0.0368,-0.0100,0.042
15.465533,0.0572,0.0093,-0.0824,0.101
15.481498,0.0687,-0.0317,-0.1132,0.136
15.485987,0.0936,-0.0181,-0.1425,0.171
15.495166,0.0638,-0.0314,-0.2244,0.235
15.505853,0.0476,-0.0717,-0.2625,0.276
15.514905,0.0043,-0.0572,-0.2432,0.250
15.527285,-0.0115,-0.0152,-0.2352,0.236
15.535483,-0.0544,-0.0139,-0.1844,0.193
15.545069,-0.1105,0.0555,-0.1055,0.163
15.554739,-0.1800,0.0841,-0.0673,0.210
15.569740,-0.2489,0.0853,-0.0023,0.263
15.575954,-0.2755,0.1271,0.0346,0.305
15.586261,-0.2045,0.1276,0.1246,0.271
15.595293,-0.1989,0.0869,0.1451,0.261
15.604822,-0.2040,0.0593,0.1370,0.253
15.615497,-0.2338,0.0723,0.1692,0.298
15.626096,-0.2209,0.0440,0.1861,0.292
15.634902,-0.2069,0.0289,0.1863,0.280
15.644945,-0.1652,0.0541,0.2233,0.283
15.655655,-0.0694,0.0109,0.2561,0.266
15.670966,0.0253,-0.0190,0.2446,0.247
15.675292,0.0911,-0.0081,0.2172,0.236
15.686244,0.1009,-0.0244,0.1482,0.181
15.696084,0.1096,-0.0133,0.0795,0.136
15.705746,0.1029,0.0525,0.0122,0.116
15.715642,0.0801,0.0644,-0.0397,0.110
15.726263,0.0547,0.0631,-0.0357,0.091
15.735840,0.0403,0.0759,-0.0711,0.112
15.745057,-0.0032,0.0346,-0.0782,0.086
15.755867,-0.0205,-0.0338,-0.0571,0.069
15.764990,0.0565,-0.1018,-0.0206,0.118
15.781080,0.1192,-0.1423,0.0315,0.188
15.786546,0.1813,-0.1962,0.0173,0.268
15.796237,0.2293,-0.2089,-0.0088,0.310
15.806223,0.2089,-0.1943,-0.0201,0.286
15.816136,0.1610,-0.1522,-0.0713,0.233
15.826183,0.1402,-0.0829,-0.1354,0.212
15.836604,0.0922,-0.0679,-0.1716,0.206
15.846492,0.0171,-0.0666,-0.1258,0.143
15.855345,0.0373,-0.0243,-0.1478,0.154
15.873134,0.0439,0.0179,-0.2102,0.215
15.876106,0.0094,0.0194,-0.2310,0.232
15.885927,-0.0519,0.0755,-0.2371,0.254
15.894947,-0.0986,0.1316,-0.2280,0.281
15.905951,-0.0898,0.1197,-0.2174,0.264
15.915711,-0.0798,0.1077,-0.1919,0.234
15.926378,-0.0145,0.0548,-0.1386,0.150
15.935772,0.0379,-0.0117,-0.0719,0.082
15.946197,0.0641,-0.0650,0.0481,0.103
15.956139,0.0506,-0.1049,0.1527,0.192
15.971911,-0.0165,-0.1042,0.2424,0.264
15.975428,-0.0286,-0.0900,0.2358,0.254
15.986286,-0.1082,-0.0761,0.1592,0.207
15.996235,-0.1327,-0.0353,0.0525,0.147
16.006471,-0.1159,0.0324,-0.0568,0.133
16.017733,-0.0177,0.0319,-0.1406,0.145
16.026106,0.0664,0.0178,-0.1296,0.147
16.036146,0.1363,0.0037,-0.1051,0.172
16.046382,0.1921,0.0169,-0.0534,0.200
16.058037,0.0973,0.0165,0.0256,0.102
16.070082,0.0153,0.0163,0.0773,0.081
16.086081,-0.1078,-0.0114,0.1542,0.189
16.096042,-0.1076,0.0020,0.1522,0.186
16.106089,-0.0799,-0.0119,0.1368,0.159
16.115863,-0.1338,-0.0529,0.1488,0.207
16.127311,-0.1605,-0.0668,0.2152,0.277
16.135065,-0.1599,-0.0535,0.3080,0.351
16.145582,-0.1179,-0.0132,0.3036,0.326
16.154975,-0.1290,-0.0142,0.2696,0.299
16.167603,-0.1249,0.0388,0.1916,0.232
16.174945,-0.0921,0.0505,0.1380,0.173
16.185584,-0.0717,0.0619,0.0426,0.104
16.195307,-0.0370,0.0324,-0.0111,0.050
16.205942,-0.0569,0.0440,-0.0495,0.087
16.215641,-0.0634,0.1102,-0.0591,0.140
16.225701,-0.0702,0.1221,0.0549,0.151
16.235717,-0.0366,0.1069,0.1151,0.161
16.246871,0.0642,0.0373,0.1079,0.131
16.257911,0.1097,-0.0321,0.0468,0.123
16.270683,0.0866,-0.0741,0.0004,0.114
16.275875,0.0353,-0.0749,-0.0715,0.109
16.284830,-0.0309,-0.0480,-0.1685,0.178
16.295465,0.0107,-0.0480,-0.3038,0.308
16.306371,0.0648,-0.0067,-0.3682,0.374
16.315779,0.1585,-0.0057,-0.3886,0.420
16.324908,0.2236,0.0229,-0.3520,0.418
16.335713,0.1512,0.0111,-0.3001,0.336
16.344974,0.1592,-0.0005,-0.2062,0.260
16.356063,0.1797,-0.0255,-0.1518,0.237
16.367016,0.2400,-0.0775,-0.1373,0.287
16.376086,0.2043,-0.1158,-0.1356,0.271
16.385979,0.1816,-0.1676,-0.1742,0.302
16.395712,0.1583,-0.1648,-0.1715,0.286
16.405592,0.1070,-0.1075,-0.1826,0.237
16.415197,0.0418,-0.0776,-0.1401,0.165
16.425044,0.0042,-0.0342,-0.0583,0.068
16.435646,-0.0190,-0.0048,-0.0192,0.027
16.445742,-0.0679,0.0379,0.0321,0.084
16.455276,-0.0884,0.0804,0.0684,0.138
16.465230,-0.0804,0.0952,0.1162,0.170
16.475201,-0.0854,0.0961,0.1475,0.196
16.485268,-0.0758,0.0830,0.1894,0.220
16.494800,-0.0642,0.0422,0.1879,0.203
16.505544,-0.1044,0.0146,0.2248,0.248
16.515435,-0.0877,0.0137,0.2323,0.249
16.526242,-0.0694,-0.0285,0.1834,0.198
16.535143,-0.0639,-0.0572,0.2009,0.218
16.545072,-0.0445,-0.0726,0.2712,0.284
16.555949,0.0561,-0.0744,0.2990,0.313
16.565721,0.1285,-0.0082,0.1760,0.218
16.575757,0.0639,-0.0372,-0.0010,0.074
16.585315,-0.0283,-0.0251,-0.1626,0.167
16.596236,-0.1346,0.0145,-0.2810,0.312
16.605851,-0.1866,0.0271,-0.3156,0.368
16.615589,-0.1705,0.0261,-0.2675,0.318
16.625589,-0.0456,-0.0018,-0.1766,0.182
16.636005,0.0247,-0.0430,-0.0683,0.084
16.645785,0.0538,0.0252,0.0164,0.062
16.656102,0.0553,0.0528,0.0894,0.118
16.664948,0.0158,0.0533,0.0682,0.088
16.675465,0.0305,0.0403,0.0480,0.070
16.685244,0.0180,0.0410,-0.0260,0.052
16.695665,0.0327,-0.0128,-0.0728,0.081
16.706171,0.0883,-0.0395,-0.0796,0.125
16.715689,0.0891,-0.0526,-0.0333,0.109
16.725937,0.1436,-0.1067,0.0254,0.181
16.735189,0.1288,-0.0926,0.0426,0.164
16.745357,0.0990,-0.1056,0.0180,0.146
16.755248,0.0818,-0.0915,-0.0219,0.125
16.770320,0.0636,-0.0638,-0.0493,0.103
16.776910,0.0584,-0.0496,-0.0631,0.099
16.785950,0.1341,-0.0354,-0.0219,0.140
16.797713,0.1547,-0.0209,-0.1026,0.187
16.806449,0.1609,-0.0336,-0.1557,0.226
16.816737,0.1529,-0.0190,-0.1272,0.200
16.827069,0.0632,0.0092,-0.0301,0.071
16.836051,-0.0529,0.0510,0.0266,0.078
16.846247,-0.1407,0.0519,0.0293,0.153
16.857524,-0.1456,0.0391,0.0186,0.152
16.877216,-0.0683,0.0398,-0.0190,0.081
16.877901,-0.0174,-0.0276,-0.0159,0.036
16.896588,0.0197,-0.0539,-0.0106,0.058
16.905597,0.0057,-0.0673,0.0460,0.082
16.916158,0.0606,-0.0399,0.1159,0.137
16.927711,0.0480,-0.0399,0.1715,0.183
16.935462,0.0222,0.0007,0.1710,0.172
16.944939,-0.0305,-0.0269,0.1819,0.186
16.954915,-0.0288,-0.0276,0.1499,0.155
16.966064,-0.0819,-0.0010,0.0353,0.089
16.978157,-0.0807,-0.0017,-0.0788,0.113
16.984749,-0.0933,-0.0158,-0.1104,0.145
16.995890,-0.0516,-0.0571,-0.1409,0.161
17.006576,0.0036,-0.0438,-0.1844,0.190
17.016022,0.0723,-0.0577,-0.1866,0.208
17.026685,0.0592,-0.0306,-0.1742,0.187
17.035946,0.0188,0.0103,-0.1597,0.161
17.045160,-0.0078,0.0242,-0.1691,0.171
17.054835,-0.0073,0.0385,-0.0670,0.078
17.065979,0.0478,0.0256,-0.0043,0.054
17.077354,0.0755,0.0401,-0.0090,0.086
17.086326,0.0351,0.0000,-0.0544,0.065
17.095810,0.0216,-0.0264,-0.0731,0.081
17.105509,0.0075,-0.0120,-0.0653,0.067
17.115590,-0.0073,-0.0248,-0.0448,0.052
17.127249,0.0183,-0.0105,0.0019,0.021
17.136215,0.0029,-0.0371,0.0341,0.050
17.145768,0.0014,-0.0093,0.0792,0.080
17.155049,-0.0405,-0.0090,0.1362,0.142
17.164948,-0.0549,0.0183,0.1769,0.186
17.185530,-0.0147,0.0045,0.2149,0.215
17.186280,0.0121,-0.0232,0.2234,0.225
17.195541,-0.0020,-0.0373,0.1625,0.167
17.205516,-0.0432,-0.0107,0.1010,0.110
17.215999,-0.0566,-0.0250,0.0121,0.063
17.226166,-0.0695,-0.0121,-0.0491,0.086
17.234772,-0.0410,0.0144,-0.0824,0.093
17.244729,0.0015,-0.0135,-0.1013,0.102
17.254709,0.0169,-0.0005,-0.1194,0.121
17.268926,0.0050,0.0125,-0.0418,0.044
17.279937,0.0336,0.0121,0.0230,0.043
17.285012,0.0346,0.0117,0.0616,0.072
17.295412,0.0624,-0.0293,0.0606,0.092
17.304672,0.0630,-0.0429,0.0338,0.083
17.314644,0.0633,-0.0564,-0.0596,0.104
17.326555,-0.0184,-0.0833,-0.1108,0.140
17.335015,-0.0868,-0.0420,-0.1338,0.165
17.344751,-0.1008,0.0266,-0.1564,0.188
17.354781,-0.1690,0.0134,-0.1245,0.210
17.365715,-0.1553,0.0002,-0.0658,0.169
17.377044,-0.0870,0.0141,0.0328,0.094
17.385722,0.0225,0.0143,0.0626,0.068
17.395153,0.1052,-0.0401,0.1600,0.196
17.404672,0.1470,-0.0400,0.2300,0.276
17.414887,0.1205,0.0009,0.2173,0.248
17.425365,0.0801,0.0280,0.1758,0.195
17.434650,-0.0283,0.0686,0.1188,0.140
17.445068,-0.0412,0.0954,0.0603,0.120
17.454662,-0.0133,0.0812,0.0009,0.082
17.466266,0.0554,0.0398,-0.0591,0.090
17.478011,0.1237,-0.0289,-0.0784,0.149
17.485254,0.1636,-0.0702,-0.0837,0.197
17.495828,0.1743,-0.1248,-0.0476,0.220
17.504804,0.1150,-0.1520,0.0028,0.191
17.515900,0.0411,-0.1654,0.0810,0.189
17.527528,-0.0052,-0.1515,0.1732,0.230
17.535156,-0.0233,-0.1105,0.1568,0.193
17.544908,0.0001,-0.1104,0.1272,0.168
17.554969,-0.0171,-0.0557,0.0301,0.066
17.566374,0.0202,-0.0010,-0.1073,0.109
17.579308,0.0168,0.0538,-0.2437,0.250
17.586485,-0.0001,0.0679,-0.3241,0.331
17.595832,-0.0437,0.1093,-0.3482,0.368
17.606638,-0.0733,0.0828,-0.2752,0.297
17.616286,-0.0752,0.0563,-0.1061,0.142
17.626330,-0.0490,0.0161,0.1036,0.116
17.636767,-0.0083,-0.0243,0.2578,0.259
17.646695,0.0060,-0.0786,0.3154,0.325
17.656080,-0.0335,-0.0648,0.2768,0.286
17.666842,-0.0588,-0.0785,0.1560,0.184
17.677728,-0.1242,-0.0650,-0.0059,0.140
17.687027,-0.0936,0.0029,-0.1407,0.169
17.697231,-0.0218,0.0163,-0.1260,0.129
17.716035,0.0391,0.0428,-0.0993,0.115
17.727233,0.0550,0.0288,-0.0609,0.087
17.734941,0.0702,0.0283,-0.0235,0.079
17.744813,0.0442,0.0278,0.0005,0.052
17.755548,0.0044,0.0003,-0.0153,0.016
17.764898,-0.0221,0.0001,-0.0026,0.022
17.777042,-0.0624,-0.0272,-0.0710,0.098
17.784979,-0.0755,-0.0409,-0.1386,0.163
17.794413,-0.0886,-0.0407,-0.1361,0.167
17.804900,-0.0746,-0.0675,-0.1448,0.176
17.815896,-0.0333,-0.0260,-0.1248,0.132
17.827065,-0.0329,0.0154,-0.1046,0.111
17.835187,-0.0188,0.0160,-0.0713,0.075
17.846884,-0.0179,0.0300,0.0292,0.046
17.854845,-0.0028,0.0166,0.0473,0.050
17.866961,0.0401,0.0032,0.0919,0.100
17.884145,0.0693,-0.0240,0.0816,0.110
17.885072,0.0708,-0.0238,0.0572,0.094
17.895276,0.0039,-0.0373,0.0188,0.042
17.905990,-0.0634,0.0172,-0.0341,0.074
17.916004,-0.1035,0.0308,-0.0198,0.110
17.925925,-0.1027,0.0171,0.0207,0.106
17.936704,-0.0884,0.0169,0.0464,0.101
17.945054,-0.0333,-0.0107,0.0575,0.067
17.954890,-0.0055,-0.0247,0.1355,0.138
17.965862,0.0359,-0.0252,0.1716,0.177
17.978353,0.0500,-0.0394,0.2069,0.216
17.985213,0.1048,-0.0673,0.2143,0.248
17.996378,0.1323,-0.0271,0.1804,0.225
18.005200,0.0371,-0.0413,0.0108,0.057
18.015752,-0.0717,-0.0010,-0.1848,0.198
18.027178,-0.0715,0.0123,-0.2839,0.293
18.036027,-0.0305,-0.0016,-0.3141,0.316
18.045035,-0.0032,-0.0291,-0.2619,0.263
18.055580,0.0648,-0.0428,-0.1532,0.172
18.065789,0.0915,-0.0561,-0.0560,0.121
18.076698,0.1994,-0.0420,-0.0384,0.207
18.084978,0.1430,-0.1094,0.0485,0.186
18.095397,0.0583,-0.1085,0.0679,0.141
18.105368,0.0005,-0.0258,-0.0207,0.033
18.114948,0.0247,-0.0111,-0.1349,0.138
18.125041,0.0083,-0.0508,-0.1799,0.187
18.135590,0.0191,-0.0224,-0.1976,0.200
18.145395,-0.0384,-0.0076,-0.1752,0.179
18.154944,-0.0957,0.0206,-0.0724,0.122
18.167165,-0.0845,0.0758,0.0562,0.127
18.188773,-0.0594,0.0765,0.1294,0.162
18.189667,-0.0066,0.0498,0.2288,0.234
18.195746,-0.0216,0.0229,0.1900,0.193
18.205399,-0.0092,-0.0178,0.0948,0.097
18.216158,-0.0097,-0.0860,0.1073,0.138
18.226076,-0.0634,-0.1271,0.1595,0.214
18.235666,-0.0479,-0.0596,0.1693,0.186
18.246457,-0.0182,-0.0194,0.1231,0.126
18.255088,-0.0017,-0.0203,0.0482,0.052
18.265697,-0.0126,0.0331,0.0131,0.038
18.283875,-0.0239,0.0322,-0.0630,0.075
18.286243,-0.0355,0.0722,-0.1515,0.172
18.295098,-0.0474,0.0306,-0.1433,0.154
18.305974,-0.0730,0.0437,-0.0931,0.126
18.315424,-0.0579,0.0159,-0.0152,0.062
18.326067,0.0115,-0.0389,0.0504,0.065
18.334865,0.0537,-0.0391,0.0087,0.067
18.345229,0.0412,-0.0936,-0.0445,0.112
18.355385,0.0966,-0.1070,-0.0817,0.166
18.364883,0.0838,-0.1065,-0.1310,0.188
18.384797,0.0298,-0.0924,-0.1655,0.192
18.385626,0.0571,-0.0509,-0.1585,0.176
18.396248,0.0837,-0.0229,-0.1513,0.174
18.405299,0.0956,-0.0085,-0.0495,0.108
18.417243,0.0928,-0.0213,0.0104,0.096
18.426606,0.0750,0.0067,0.0285,0.081
18.436791,0.0156,0.0348,0.0461,0.060
18.446259,-0.0300,0.0765,0.0769,0.113
18.456156,-0.0884,0.1044,0.0664,0.152
18.467228,-0.1051,0.0368,0.0417,0.119
18.478874,-0.0802,0.0236,0.1116,0.139
18.486511,-0.0820,-0.0307,0.1530,0.176
18.498110,-0.0426,-0.0579,0.1652,0.180
18.507577,-0.0025,-0.0717,0.1209,0.141
18.527681,0.0125,-0.0593,0.0688,0.092
18.536115,0.0009,-0.0464,-0.0192,0.050
18.545149,0.0305,-0.0744,-0.0249,0.084
18.554885,0.0329,-0.0888,0.0108,0.095
18.565090,0.0756,-0.0758,0.0877,0.138
18.579497,-0.0185,-0.0354,0.0697,0.080
18.585465,-0.0041,-0.0087,0.0520,0.053
18.596383,-0.0310,0.0046,-0.0196,0.037
18.605948,-0.0579,0.0043,-0.1044,0.120
18.615551,-0.0442,0.0449,-0.1205,0.136
18.625845,-0.0578,0.0584,-0.1082,0.136
18.635521,-0.0441,0.0448,-0.0943,0.113
18.645632,-0.0166,0.0449,-0.1060,0.116
18.655582,-0.0026,0.0316,-0.0891,0.095
18.666034,-0.0158,0.0183,-0.0852,0.089
18.682276,0.0120,-0.0086,-0.0538,0.056
18.686003,-0.0009,-0.0355,-0.0628,0.072
18.695679,-0.0135,-0.0487,-0.0306,0.059
18.706579,-0.0123,-0.0212,0.0289,0.038
18.715892,-0.0380,-0.0209,0.0336,0.055
18.726114,-0.0500,-0.0343,0.0511,0.079
18.735870,-0.0619,0.0067,0.0681,0.092
18.744827,-0.0737,0.0340,0.0302,0.087
18.754824,-0.0989,0.0340,-0.0628,0.122
18.765212,-0.1236,0.0475,-0.0612,0.146
18.776580,-0.0933,0.0337,-0.0059,0.099
18.785603,-0.0084,0.0197,0.0889,0.091
18.796883,0.0355,0.0056,0.1820,0.186
18.805349,0.0790,-0.0223,0.2187,0.234
18.814915,0.1085,-0.0367,0.2130,0.242
18.826603,0.0966,-0.0783,0.1116,0.167
18.835157,0.1254,-0.1063,0.0511,0.172
18.844855,0.0855,-0.0796,-0.0357,0.122
18.854841,0.0309,-0.0391,-0.0943,0.107
18.866943,0.0296,-0.0393,-0.0975,0.109
18.882279,0.0405,-0.0256,-0.0457,0.066
18.886067,0.0636,-0.0118,0.0063,0.065
18.896013,0.0176,0.0021,0.0313,0.036
18.905026,-0.0282,0.0160,0.0157,0.036
18.916072,-0.1004,0.0435,0.0004,0.109
18.926327,-0.1172,0.0165,0.0125,0.119
18.935169,-0.1060,0.0439,-0.0156,0.116
18.946024,-0.0809,0.0304,-0.0567,0.103
18.955125,-0.1091,-0.0103,-0.0426,0.118
18.965571,-0.0943,0.0033,-0.0550,0.109
18.975594,-0.1181,0.0032,-0.0669,0.136
18.984885,-0.0858,0.0165,-0.0378,0.095
18.995451,-0.0257,0.0024,0.0182,0.032
19.006433,0.0073,0.0020,-0.0349,0.036
19.016055,0.0264,-0.0121,-0.0606,0.067
19.025744,0.0042,-0.0260,-0.0452,0.052
19.035571,0.0357,-0.0536,0.0247,0.069
19.045145,0.0256,-0.0129,0.0401,0.049
19.054897,0.0152,0.0006,0.0554,0.057
19.065992,0.0040,0.0549,0.0566,0.079
19.075597,0.0326,0.0412,0.0575,0.078
19.085714,0.0327,0.0413,0.0445,0.069
19.096218,0.0451,0.0278,0.0585,0.079
19.105148,0.0565,0.0144,0.0445,0.073
19.116211,0.0944,-0.0127,0.0976,0.136
19.126665,0.1317,-0.0262,0.1085,0.173
19.134850,0.1278,-0.0534,0.0773,0.159
19.145780,0.1234,-0.1078,-0.0088,0.164
19.154816,0.1187,-0.1214,-0.0401,0.174
19.164831,0.0593,-0.1212,-0.0706,0.152
19.175660,0.0271,-0.0801,-0.0731,0.112
19.184916,-0.0185,-0.0525,-0.0205,0.059
19.196495,0.0177,-0.0522,0.0326,0.064
19.206498,0.0810,-0.0110,-0.0367,0.090
19.216056,0.0626,0.0167,-0.1189,0.135
19.226380,0.0035,0.0308,-0.1046,0.109
19.235833,-0.0278,0.0314,-0.0617,0.075
19.245984,-0.0314,0.0457,-0.0177,0.058
19.255792,-0.0208,0.0464,-0.0003,0.051
19.265775,0.0038,0.0198,-0.0101,0.023
19.278883,0.0561,-0.0069,-0.0202,0.060
19.287496,0.0273,-0.0338,0.0235,0.049
19.297318,0.0264,-0.0335,0.0664,0.079
19.307014,-0.0288,-0.0469,0.0815,0.098
19.317605,-0.0427,-0.0467,0.1372,0.151
19.326892,0.0253,-0.0467,0.1649,0.173
19.344858,0.0523,-0.0335,0.1463,0.159
19.354850,0.0656,-0.0204,0.0729,0.100
19.366212,0.0380,-0.0345,-0.0009,0.051
19.379102,-0.0305,-0.0350,-0.0199,0.050
19.385330,-0.0584,-0.0218,-0.0112,0.063
19.394974,-0.0726,0.0051,-0.0293,0.078
19.405889,-0.1003,-0.0225,-0.0469,0.113
19.415729,-0.1143,0.0045,-0.0910,0.146
19.424938,-0.1144,0.0315,-0.1483,0.190
19.435450,-0.0598,0.0312,-0.1367,0.152
19.447243,-0.0181,0.0175,-0.1235,0.126
19.454701,0.0651,-0.0642,-0.0673,0.114
19.464819,0.0804,-0.0504,-0.0362,0.102
19.475347,0.0686,-0.0636,-0.0172,0.095
19.485994,-0.0111,-0.0224,-0.0793,0.083
19.495203,-0.0363,-0.0084,-0.1138,0.120
19.505490,-0.0344,-0.0079,-0.1342,0.139
19.515537,0.0081,-0.0210,-0.0999,0.102
19.527482,0.0368,-0.0069,-0.0658,0.076
19.535519,0.0107,-0.0064,-0.0052,0.014
19.545148,-0.0295,0.0485,0.0406,0.070
19.555018,-0.0703,0.0488,0.0446,0.097
19.564845,-0.0977,0.0083,0.0479,0.109
19.580414,-0.0296,0.0085,0.0508,0.059
19.586100,-0.0019,-0.0186,0.0392,0.043
19.596049,0.0260,-0.0321,0.0131,0.043
19.604953,0.0267,-0.0730,0.0000,0.078
19.617342,0.0410,-0.0731,-0.0137,0.085
19.625505,0.0551,-0.0596,-0.0145,0.082
19.635411,0.0420,-0.0189,-0.0158,0.049
19.645237,0.0015,0.0082,0.0099,0.013
19.654882,0.0018,-0.0193,0.0354,0.040
19.666258,0.0020,0.0486,0.0881,0.101
19.683459,-0.0525,0.0621,0.0726,0.109
19.684941,-0.0800,0.0483,0.0300,0.098
19.694686,-0.0529,0.0619,-0.0395,0.091
19.704921,0.0013,0.0209,-0.0542,0.058
19.715873,0.0555,-0.0472,-0.0416,0.084
19.726769,0.0551,-0.0745,-0.0150,0.094
19.735124,0.0682,-0.1154,0.0254,0.136
19.745793,0.0540,-0.1017,0.0114,0.116
19.754944,0.0398,-0.1017,0.0382,0.116
19.766525,0.0256,-0.1017,0.1055,0.149
19.777623,0.0657,-0.0064,0.0637,0.092
19.784654,0.1053,-0.0064,0.0628,0.123
19.795664,0.0489,-0.0062,0.0892,0.102
19.804924,0.0190,0.0076,0.0203,0.029
19.815899,-0.0250,0.0214,-0.0216,0.039
19.826968,-0.0961,0.0079,-0.0092,0.097
19.835179,-0.1392,-0.0056,0.0706,0.156
19.845070,-0.1136,0.0215,0.1088,0.159
19.854690,-0.0739,0.0077,0.0920,0.118
19.865543,-0.0067,0.0074,0.1289,0.129
19.874998,0.0337,-0.0066,0.1109,0.116
19.884698,0.0204,0.0202,0.0927,0.097
19.895011,0.0215,0.0469,0.0337,0.062
19.904945,-0.0038,-0.0082,-0.0249,0.026
19.916419,-0.0150,-0.0360,-0.0284,0.048
19.926948,-0.0123,-0.0229,-0.0044,0.026
19.935013,-0.0097,-0.0507,0.0063,0.052
19.944944,-0.0348,-0.0512,0.0173,0.064
19.954890,-0.0603,-0.0516,0.0557,0.097
19.964791,-0.0589,-0.0247,0.0670,0.093
19.983888,-0.0032,0.0022,0.0376,0.038
19.989940,0.0522,-0.0389,-0.0051,0.065
19.995982,0.0391,-0.0391,-0.0611,0.082
20.006292,0.0257,-0.0256,-0.1167,0.122
20.015817,0.0121,-0.0121,-0.1174,0.119
20.026979,-0.0287,0.0015,-0.1172,0.121
20.036849,-0.0421,0.0153,-0.1292,0.137
20.046451,-0.0146,0.0428,-0.1260,0.134
20.055523,-0.0143,0.0432,-0.1216,0.130
20.066648,-0.0276,0.0028,-0.0892,0.093
20.085905,-0.0273,-0.0511,-0.0020,0.058
20.086642,0.0684,-0.0098,0.0576,0.090
20.096332,0.0958,-0.0503,0.1302,0.169
20.107037,0.0820,-0.0635,0.1203,0.159
20.118336,0.0543,-0.0632,0.0688,0.108
20.127897,0.0669,-0.0356,0.0033,0.076
20.137229,0.0247,-0.0216,-0.0491,0.059
20.146770,0.0095,-0.0350,-0.0613,0.071
20.166449,-0.0215,-0.0209,-0.0473,0.056
20.179228,-0.0641,-0.0208,-0.0072,0.068
20.185327,-0.0385,-0.0208,0.0322,0.054
20.195048,-0.0127,-0.0345,0.0576,0.068
20.206424,0.0132,-0.0481,0.0424,0.065
20.215665,0.0393,-0.0345,0.0005,0.052
20.226897,-0.0298,-0.0208,-0.0410,0.055
20.235414,-0.0032,0.0337,-0.0824,0.089
20.244832,-0.0170,0.0882,-0.0960,0.131
20.254760,0.0104,0.0610,-0.0951,0.113
20.264944,0.0381,0.0202,-0.0525,0.068
20.275643,0.0657,-0.0204,-0.0501,0.085
20.286104,0.0251,-0.0338,-0.0206,0.047
20.296015,-0.0292,-0.0745,-0.0048,0.080
20.306481,0.0253,-0.0607,0.0788,0.103
20.315540,0.0523,-0.0742,0.1075,0.141
20.325085,0.0650,-0.1012,0.0408,0.127
20.336381,0.0363,-0.1010,-0.0125,0.108
20.345693,0.0344,-0.0326,-0.0795,0.093
20.354850,0.0050,-0.0050,-0.0512,0.052
20.368037,-0.0244,-0.0047,0.0451,0.051
20.379462,-0.0399,0.0364,0.1275,0.138
20.384721,-0.0821,0.0093,0.1003,0.130
20.394730,-0.0829,0.0365,0.0722,0.116
20.405067,-0.0155,0.0091,0.0976,0.099
20.415436,-0.0296,0.0225,0.0538,0.065
20.427332,0.0246,-0.0186,0.0368,0.048
20.435073,0.0519,-0.0461,-0.0205,0.072
20.445669,-0.0022,-0.0600,-0.0499,0.078
20.455123,-0.0286,-0.0466,-0.0516,0.075
20.466983,0.0134,0.0075,0.3136,0.314
20.477484,0.0824,-0.0611,0.6085,0.617
20.484653,-0.1073,-0.0481,-0.0918,0.149
20.496214,-0.1739,0.0738,-0.1788,0.260
20.505912,-0.1313,0.0460,-0.2241,0.264
20.515908,-0.0477,0.0182,-0.3640,0.368
20.525050,-0.0457,0.0313,-0.4218,0.425
20.535656,-0.0710,0.0173,-0.3560,0.363
20.544868,-0.0552,0.0444,-0.2189,0.230
20.555194,0.0289,0.0039,-0.3082,0.310
20.564958,0.0041,-0.0226,-0.2975,0.298
20.579352,-0.0070,0.1282,-0.1351,0.186
